Country,Preservation Requests,Preservation Accounts Preserved,Total Requests,Number of Requests Where Some Data Produced,Total Requests Accounts,Total Requests Percentage,Legal Process Request Total,Legal Number of Requests Where Some Data Produced,Legal Process Request Total Accounts,Legal Process Request Total Percentage,Emergency Request Total,ER Number of Requests Where Some Data Produced,Emergency Request Total Accounts,Emergency Request Total Percentage,Year
Afghanistan,0,0,0,0,0,0%,0,0,0,0%,0,0,0,0%,2020
Aland Islands,0,0,0,0,0,0%,0,0,0,0%,0,0,0,0%,2020
Albania,9,9,11,4,24,36%,10,3,23,30%,1,1,1,100%,2020
Algeria,1,1,2,0,3,0%,1,0,2,0%,1,0,1,0%,2020
American Samoa,0,0,0,0,0,0%,0,0,0,0%,0,0,0,0%,2020
Andorra,0,0,0,0,0,0%,0,0,0,0%,0,0,0,0%,2020
Angola,1,1,2,0,2,0%,2,0,2,0%,0,0,0,0%,2020
Anguilla,0,0,0,0,0,0%,0,0,0,0%,0,0,0,0%,2020
Antarctica,0,0,0,0,0,0%,0,0,0,0%,0,0,0,0%,2020
Antigua,0,0,0,0,0,0%,0,0,0,0%,0,0,0,0%,2020
Argentina,"2,124","3,556","1,624","1,204","2,583",74%,"1,469","1,117","2,357",76%,155,87,226,56%,2020
Armenia,59,77,13,9,20,69%,13,9,20,69%,0,0,0,0%,2020
Aruba,0,0,0,0,0,0%,0,0,0,0%,0,0,0,0%,2020
Australia,444,699,"1,541","1,240","1,877",80%,"1,465","1,187","1,776",81%,76,53,101,70%,2020
Austria,74,139,132,58,288,44%,92,32,228,35%,40,26,60,65%,2020
Azerbaijan,0,0,1,0,1,0%,1,0,1,0%,0,0,0,0%,2020
Bahrain,0,0,0,0,0,0%,0,0,0,0%,0,0,0,0%,2020
Bangladesh,8,18,241,106,371,44%,142,81,265,57%,99,25,106,25%,2020
Barbados,0,0,0,0,0,0%,0,0,0,0%,0,0,0,0%,2020
Belarus,0,0,0,0,0,0%,0,0,0,0%,0,0,0,0%,2020
Belgium,37,63,741,642,"1,196",87%,714,624,"1,147",87%,27,18,49,67%,2020
Belize,1,1,0,0,0,0%,0,0,0,0%,0,0,0,0%,2020
Benin,0,0,1,0,1,0%,1,0,1,0%,0,0,0,0%,2020
Bermuda,0,0,0,0,0,0%,0,0,0,0%,0,0,0,0%,2020
Bhutan,0,0,6,3,9,50%,2,0,4,0%,4,3,5,75%,2020
Bolivia,11,28,0,0,0,0%,0,0,0,0%,0,0,0,0%,2020
"Bonaire, Sint Eustatius and Saba",1,1,0,0,0,0%,0,0,0,0%,0,0,0,0%,2020
Bosnia and Herzegovina,168,203,77,52,112,68%,71,50,106,70%,6,2,6,33%,2020
Botswana,4,16,1,0,2,0%,1,0,2,0%,0,0,0,0%,2020
Bouvet Island,0,0,0,0,0,0%,0,0,0,0%,0,0,0,0%,2020
Brazil,"4,428","8,737","7,517","5,320","30,875",71%,"6,850","4,868","29,796",71%,667,452,"1,079",68%,2020
British Indian Ocean Territory,0,0,0,0,0,0%,0,0,0,0%,0,0,0,0%,2020
British Virgin Islands,0,0,0,0,0,0%,0,0,0,0%,0,0,0,0%,2020
Brunei,1,1,0,0,0,0%,0,0,0,0%,0,0,0,0%,2020
Bulgaria,32,41,39,26,49,67%,38,26,48,68%,1,0,1,0%,2020
Burkina Faso,5,7,1,0,4,0%,1,0,4,0%,0,0,0,0%,2020
Burundi,0,0,0,0,0,0%,0,0,0,0%,0,0,0,0%,2020
Cambodia,0,0,3,0,5,0%,2,0,3,0%,1,0,2,0%,2020
Cameroon,1,3,0,0,0,0%,0,0,0,0%,0,0,0,0%,2020
Canada,"2,181","3,923","2,092","1,733","2,976",83%,806,699,"1,317",87%,"1,286","1,034","1,659",80%,2020
Cape Verde,10,10,0,0,0,0%,0,0,0,0%,0,0,0,0%,2020
Cayman Islands,0,0,0,0,0,0%,0,0,0,0%,0,0,0,0%,2020
Central African Republic,0,0,0,0,0,0%,0,0,0,0%,0,0,0,0%,2020
Chad,0,0,1,0,1,0%,1,0,1,0%,0,0,0,0%,2020
Chile,251,463,502,253,"1,192",50%,476,242,"1,149",51%,26,11,43,42%,2020
China,0,0,0,0,0,0%,0,0,0,0%,0,0,0,0%,2020
Christmas Island,0,0,0,0,0,0%,0,0,0,0%,0,0,0,0%,2020
Cocos (Keeling) Islands,0,0,0,0,0,0%,0,0,0,0%,0,0,0,0%,2020
Colombia,705,"1,204",456,308,"1,107",68%,328,227,648,69%,128,81,459,63%,2020
Comoros,0,0,0,0,0,0%,0,0,0,0%,0,0,0,0%,2020
Cook Islands,0,0,0,0,0,0%,0,0,0,0%,0,0,0,0%,2020
Costa Rica,167,267,39,17,115,44%,3,1,3,33%,36,16,112,44%,2020
Croatia,2,5,87,65,280,75%,85,64,278,75%,2,1,2,50%,2020
Cuba,0,0,0,0,0,0%,0,0,0,0%,0,0,0,0%,2020
Curacao,0,0,0,0,0,0%,0,0,0,0%,0,0,0,0%,2020
Cyprus,38,53,30,23,57,77%,21,15,39,71%,9,8,18,89%,2020
Czech Republic,64,93,131,107,215,82%,120,98,199,82%,11,9,16,82%,2020
Democratic Republic of the Congo,4,6,2,0,13,0%,1,0,10,0%,1,0,3,0%,2020
Denmark,114,147,91,66,129,73%,86,62,124,72%,5,4,5,80%,2020
Djibouti,0,0,0,0,0,0%,0,0,0,0%,0,0,0,0%,2020
Dominica,0,0,0,0,0,0%,0,0,0,0%,0,0,0,0%,2020
Dominican Republic,90,97,96,33,106,34%,67,21,73,31%,29,12,33,41%,2020
Ecuador,56,85,143,92,226,64%,71,36,138,51%,72,56,88,78%,2020
Egypt,3,5,6,4,12,67%,0,0,0,0%,6,4,12,67%,2020
El Salvador,33,48,25,10,36,40%,20,8,29,40%,5,2,7,40%,2020
Equatorial Guinea,0,0,0,0,0,0%,0,0,0,0%,0,0,0,0%,2020
Eritrea,0,0,0,0,0,0%,0,0,0,0%,0,0,0,0%,2020
Estonia,7,7,51,36,83,71%,49,34,81,69%,2,2,2,100%,2020
Ethiopia,0,0,0,0,0,0%,0,0,0,0%,0,0,0,0%,2020
Falkland Islands,0,0,0,0,0,0%,0,0,0,0%,0,0,0,0%,2020
Faroe Islands,0,0,0,0,0,0%,0,0,0,0%,0,0,0,0%,2020
Federated States of Micronesia,0,0,0,0,0,0%,0,0,0,0%,0,0,0,0%,2020
Fiji,3,3,3,0,3,0%,2,0,2,0%,1,0,1,0%,2020
Finland,84,143,135,115,275,85%,130,111,268,85%,5,4,7,80%,2020
France,198,254,"11,086","9,467","12,502",85%,"7,741","6,313","9,082",82%,"3,345","3,154","3,420",94%,2020
French Guiana,0,0,0,0,0,0%,0,0,0,0%,0,0,0,0%,2020
French Polynesia,0,0,0,0,0,0%,0,0,0,0%,0,0,0,0%,2020
French Southern Territories,0,0,0,0,0,0%,0,0,0,0%,0,0,0,0%,2020
Gabon,0,0,0,0,0,0%,0,0,0,0%,0,0,0,0%,2020
Georgia,27,64,14,8,18,57%,14,8,18,57%,0,0,0,0%,2020
Germany,404,631,"11,211","6,957","15,785",62%,"10,436","6,422","14,537",62%,775,535,"1,248",69%,2020
Ghana,3,3,5,0,9,0%,5,0,9,0%,0,0,0,0%,2020
Gibraltar,0,0,0,0,0,0%,0,0,0,0%,0,0,0,0%,2020
Greece,353,534,501,348,767,69%,433,290,695,67%,68,58,72,85%,2020
Greenland,0,0,0,0,0,0%,0,0,0,0%,0,0,0,0%,2020
Grenada,1,1,3,1,2,33%,0,0,0,0%,3,1,2,33%,2020
Guadeloupe,0,0,0,0,0,0%,0,0,0,0%,0,0,0,0%,2020
Guam,0,0,0,0,0,0%,0,0,0,0%,0,0,0,0%,2020
Guatemala,89,216,131,81,282,62%,69,35,180,51%,62,46,102,74%,2020
Guernsey,0,0,0,0,0,0%,0,0,0,0%,0,0,0,0%,2020
Guinea,0,0,0,0,0,0%,0,0,0,0%,0,0,0,0%,2020
Guinea-Bissau,0,0,0,0,0,0%,0,0,0,0%,0,0,0,0%,2020
Guyana,3,4,3,0,3,0%,1,0,1,0%,2,0,2,0%,2020
Haiti,1,1,2,0,0,0%,0,0,0,0%,2,0,0,0%,2020
Heard Island and McDonald Islands,0,0,0,0,0,0%,0,0,0,0%,0,0,0,0%,2020
Honduras,21,48,9,4,23,44%,3,1,13,33%,6,3,10,50%,2020
Hong Kong,47,50,262,62,285,24%,259,61,282,24%,3,1,3,33%,2020
Hungary,24,26,409,203,593,50%,406,203,587,50%,3,0,6,0%,2020
Iceland,13,15,1,1,1,100%,1,1,1,100%,0,0,0,0%,2020
India,"4,132","9,406","35,560","17,922","57,294",50%,"33,374","16,781","49,290",50%,"2,186","1,141","8,004",52%,2020
Indonesia,22,47,49,14,68,29%,36,8,51,22%,13,6,17,46%,2020
Iran,1,1,5,0,6,0%,5,0,6,0%,0,0,0,0%,2020
Iraq,5,7,16,0,162,0%,9,0,46,0%,7,0,116,0%,2020
Ireland,369,543,71,51,77,72%,61,44,68,72%,10,7,9,70%,2020
Isle Of Man,0,0,0,0,0,0%,0,0,0,0%,0,0,0,0%,2020
Israel,"1,232","1,539",913,736,"1,299",81%,518,424,787,82%,395,312,512,79%,2020
Italy,"1,580","2,441","2,724","1,708","4,540",63%,"2,641","1,664","4,418",63%,83,44,122,53%,2020
Ivory Coast,3,6,15,1,18,7%,15,1,18,7%,0,0,0,0%,2020
Jamaica,0,0,4,1,3,25%,0,0,0,0%,4,1,3,25%,2020
Japan,7,9,43,23,48,53%,1,0,0,0%,42,23,48,55%,2020
Jersey,0,0,0,0,0,0%,0,0,0,0%,0,0,0,0%,2020
Jordan,3,3,214,118,265,55%,152,100,182,66%,62,18,83,29%,2020
Kazakhstan,4,6,2,0,7,0%,2,0,7,0%,0,0,0,0%,2020
Kenya,6,6,16,2,27,13%,11,1,17,9%,5,1,10,20%,2020
Kiribati,0,0,1,0,1,0%,1,0,1,0%,0,0,0,0%,2020
Kosovo,8,10,28,17,41,61%,22,16,33,73%,6,1,8,17%,2020
Kuwait,1,2,1,0,1,0%,1,0,1,0%,0,0,0,0%,2020
Kyrgyzstan,0,0,0,0,0,0%,0,0,0,0%,0,0,0,0%,2020
Laos,0,0,0,0,0,0%,0,0,0,0%,0,0,0,0%,2020
Latvia,7,8,48,30,55,63%,46,28,53,61%,2,2,2,100%,2020
Lebanon,1,1,3,1,9,33%,2,0,8,0%,1,1,1,100%,2020
Lesotho,0,0,0,0,0,0%,0,0,0,0%,0,0,0,0%,2020
Liberia,1,2,0,0,0,0%,0,0,0,0%,0,0,0,0%,2020
Libya,0,0,0,0,0,0%,0,0,0,0%,0,0,0,0%,2020
Liechtenstein,0,0,0,0,0,0%,0,0,0,0%,0,0,0,0%,2020
Lithuania,18,30,88,66,163,75%,85,63,160,74%,3,3,3,100%,2020
Luxembourg,17,18,18,11,42,61%,17,11,41,65%,1,0,1,0%,2020
Macau,0,0,3,2,4,67%,3,2,4,67%,0,0,0,0%,2020
Macedonia,3,5,78,22,106,28%,78,22,106,28%,0,0,0,0%,2020
Madagascar,0,0,1,0,1,0%,1,0,1,0%,0,0,0,0%,2020
Malawi,0,0,8,3,9,38%,7,2,8,29%,1,1,1,100%,2020
Malaysia,11,13,39,29,93,74%,36,28,90,78%,3,1,3,33%,2020
Maldives,2,2,23,20,24,87%,22,20,23,91%,1,0,1,0%,2020
Mali,0,0,3,2,3,67%,0,0,0,0%,3,2,3,67%,2020
Malta,1,1,273,122,317,45%,264,117,307,44%,9,5,10,56%,2020
Marshall Islands,0,0,0,0,0,0%,0,0,0,0%,0,0,0,0%,2020
Martinique,0,0,0,0,0,0%,0,0,0,0%,0,0,0,0%,2020
Mauritania,0,0,0,0,0,0%,0,0,0,0%,0,0,0,0%,2020
Mauritius,0,0,0,0,0,0%,0,0,0,0%,0,0,0,0%,2020
Mayotte,0,0,0,0,0,0%,0,0,0,0%,0,0,0,0%,2020
Mexico,691,"1,969","2,449","1,100","4,342",45%,"1,917",817,"3,407",43%,532,283,935,53%,2020
Moldova,15,35,14,7,17,50%,14,7,17,50%,0,0,0,0%,2020
Monaco,0,0,7,1,10,14%,6,1,9,17%,1,0,1,0%,2020
Mongolia,9,9,43,8,54,19%,34,7,39,21%,9,1,15,11%,2020
Montenegro,0,0,54,37,62,69%,53,37,61,70%,1,0,1,0%,2020
Montserrat,0,0,0,0,0,0%,0,0,0,0%,0,0,0,0%,2020
Morocco,1,1,209,122,254,58%,208,122,252,59%,1,0,2,0%,2020
Mozambique,0,0,0,0,0,0%,0,0,0,0%,0,0,0,0%,2020
Myanmar,0,0,0,0,0,0%,0,0,0,0%,0,0,0,0%,2020
Namibia,0,0,3,1,1,33%,0,0,0,0%,3,1,1,33%,2020
Nauru,0,0,0,0,0,0%,0,0,0,0%,0,0,0,0%,2020
Nepal,1,1,283,152,362,54%,274,150,353,55%,9,2,9,22%,2020
Netherlands,35,61,715,580,"1,298",81%,645,526,"1,187",82%,70,54,111,77%,2020
Netherlands Antilles,0,0,0,0,0,0%,0,0,0,0%,0,0,0,0%,2020
New Caledonia,0,0,0,0,0,0%,0,0,0,0%,0,0,0,0%,2020
New Zealand,280,914,169,111,509,66%,98,54,401,55%,71,57,108,80%,2020
Nicaragua,4,4,1,1,1,100%,0,0,0,0%,1,1,1,100%,2020
Niger,0,0,0,0,0,0%,0,0,0,0%,0,0,0,0%,2020
Nigeria,3,4,14,6,20,43%,12,6,19,50%,2,0,1,0%,2020
Niue,0,0,0,0,0,0%,0,0,0,0%,0,0,0,0%,2020
Norfolk Island,0,0,0,0,0,0%,0,0,0,0%,0,0,0,0%,2020
North Korea,1,2,0,0,0,0%,0,0,0,0%,0,0,0,0%,2020
Northern Mariana Islands,0,0,0,0,0,0%,0,0,0,0%,0,0,0,0%,2020
Norway,23,38,83,52,129,63%,41,13,61,32%,42,39,68,93%,2020
Oman,0,0,2,0,38,0%,2,0,38,0%,0,0,0,0%,2020
Pakistan,618,771,"1,485",355,"2,009",24%,"1,358",287,"1,848",21%,127,68,161,54%,2020
Palau,0,0,0,0,0,0%,0,0,0,0%,0,0,0,0%,2020
Palestine,2,2,7,0,7,0%,5,0,5,0%,2,0,2,0%,2020
Panama,24,41,12,6,29,50%,9,6,25,67%,3,0,4,0%,2020
Papua New Guinea,1,4,0,0,0,0%,0,0,0,0%,0,0,0,0%,2020
Paraguay,19,31,26,4,35,15%,21,4,20,19%,5,0,15,0%,2020
Peru,298,474,56,26,90,46%,29,14,50,48%,27,12,40,44%,2020
Philippines,131,"1,117",35,8,51,23%,6,2,12,33%,29,6,39,21%,2020
Pitcairn,0,0,0,0,0,0%,0,0,0,0%,0,0,0,0%,2020
Poland,440,558,"4,572","2,666","5,989",58%,"4,200","2,396","5,539",57%,372,270,450,73%,2020
Portugal,92,111,767,364,"1,032",47%,766,363,"1,031",47%,1,1,1,100%,2020
Puerto Rico,0,0,0,0,0,0%,0,0,0,0%,0,0,0,0%,2020
Qatar,0,0,9,0,20,0%,4,0,11,0%,5,0,9,0%,2020
Republic of the Congo,0,0,0,0,0,0%,0,0,0,0%,0,0,0,0%,2020
Reunion,0,0,0,0,0,0%,0,0,0,0%,0,0,0,0%,2020
Romania,37,102,220,109,649,50%,183,99,589,54%,37,10,60,27%,2020
Russia,7,7,19,0,21,0%,18,0,20,0%,1,0,1,0%,2020
Rwanda,0,0,0,0,0,0%,0,0,0,0%,0,0,0,0%,2020
Saint Barthelemy,0,0,0,0,0,0%,0,0,0,0%,0,0,0,0%,2020
Saint Helena,0,0,0,0,0,0%,0,0,0,0%,0,0,0,0%,2020
Saint Kitts and Nevis,0,0,0,0,0,0%,0,0,0,0%,0,0,0,0%,2020
Saint Martin,0,0,0,0,0,0%,0,0,0,0%,0,0,0,0%,2020
Saint Pierre and Miquelon,0,0,0,0,0,0%,0,0,0,0%,0,0,0,0%,2020
Saint Vincent and the Grenadines,0,0,0,0,0,0%,0,0,0,0%,0,0,0,0%,2020
Samoa,0,0,0,0,0,0%,0,0,0,0%,0,0,0,0%,2020
San Marino,0,0,0,0,0,0%,0,0,0,0%,0,0,0,0%,2020
Sao Tome and Principe,0,0,0,0,0,0%,0,0,0,0%,0,0,0,0%,2020
Saudi Arabia,3,7,0,0,0,0%,0,0,0,0%,0,0,0,0%,2020
Senegal,1,3,5,0,5,0%,5,0,5,0%,0,0,0,0%,2020
Serbia,0,0,214,166,352,78%,198,160,329,81%,16,6,23,38%,2020
Seychelles,0,0,0,0,0,0%,0,0,0,0%,0,0,0,0%,2020
Sierra Leone,0,0,0,0,0,0%,0,0,0,0%,0,0,0,0%,2020
Singapore,72,117,759,545,"1,039",72%,754,543,"1,034",72%,5,2,5,40%,2020
Sint Maarten,0,0,0,0,0,0%,0,0,0,0%,0,0,0,0%,2020
Slovakia,0,0,4,2,5,50%,3,1,4,33%,1,1,1,100%,2020
Slovenia,39,47,23,15,27,65%,23,15,27,65%,0,0,0,0%,2020
Solomon Islands,0,0,0,0,0,0%,0,0,0,0%,0,0,0,0%,2020
Somalia,0,0,0,0,0,0%,0,0,0,0%,0,0,0,0%,2020
South Africa,5,6,12,7,28,58%,7,4,20,57%,5,3,8,60%,2020
South Georgia and the South Sandwich Islands,0,0,0,0,0,0%,0,0,0,0%,0,0,0,0%,2020
South Korea,289,466,833,508,"1,208",61%,648,361,"1,009",56%,185,147,199,79%,2020
South Sudan,0,0,0,0,0,0%,0,0,0,0%,0,0,0,0%,2020
Spain,272,490,"1,353",855,"2,228",63%,"1,338",853,"2,198",64%,15,2,30,13%,2020
Sri Lanka,3,3,57,6,269,11%,30,2,242,7%,27,4,27,15%,2020
St. Lucia,0,0,0,0,0,0%,0,0,0,0%,0,0,0,0%,2020
Sudan,1,1,4,0,4,0%,4,0,4,0%,0,0,0,0%,2020
Suriname,0,0,0,0,0,0%,0,0,0,0%,0,0,0,0%,2020
Svalbard and Jan Mayen,0,0,0,0,0,0%,0,0,0,0%,0,0,0,0%,2020
Swaziland,1,1,2,0,2,0%,2,0,2,0%,0,0,0,0%,2020
Sweden,68,122,505,438,772,87%,486,427,743,88%,19,11,29,58%,2020
Switzerland,103,229,281,189,544,67%,204,130,425,64%,77,59,119,77%,2020
Syria,1,1,0,0,0,0%,0,0,0,0%,0,0,0,0%,2020
Taiwan,58,73,"1,394","1,012","2,087",73%,"1,309",976,"1,971",75%,85,36,116,42%,2020
Tajikistan,0,0,0,0,0,0%,0,0,0,0%,0,0,0,0%,2020
Tanzania,0,0,0,0,0,0%,0,0,0,0%,0,0,0,0%,2020
Thailand,38,53,164,122,273,74%,141,103,233,73%,23,19,40,83%,2020
The Bahamas,2,4,0,0,0,0%,0,0,0,0%,0,0,0,0%,2020
The Gambia,0,0,0,0,0,0%,0,0,0,0%,0,0,0,0%,2020
Timor-Leste,1,1,0,0,0,0%,0,0,0,0%,0,0,0,0%,2020
Togo,0,0,3,0,5,0%,2,0,4,0%,1,0,1,0%,2020
Tokelau,0,0,0,0,0,0%,0,0,0,0%,0,0,0,0%,2020
Tonga,0,0,1,0,1,0%,1,0,1,0%,0,0,0,0%,2020
Trinidad and Tobago,2,2,0,0,0,0%,0,0,0,0%,0,0,0,0%,2020
Tunisia,1,1,4,1,4,25%,2,0,2,0%,2,1,2,50%,2020
Turkey,12,18,"6,171","4,904","7,487",79%,"6,143","4,884","7,450",80%,28,20,37,71%,2020
Turkmenistan,0,0,0,0,0,0%,0,0,0,0%,0,0,0,0%,2020
Turks and Caicos Islands,0,0,0,0,0,0%,0,0,0,0%,0,0,0,0%,2020
Tuvalu,0,0,0,0,0,0%,0,0,0,0%,0,0,0,0%,2020
Uganda,0,0,0,0,0,0%,0,0,0,0%,0,0,0,0%,2020
Ukraine,9,45,52,30,163,58%,9,5,14,56%,43,25,149,58%,2020
United Arab Emirates,0,0,1,0,2,0%,0,0,0,0%,1,0,2,0%,2020
United Kingdom,511,775,"9,185","8,079","10,819",88%,"7,202","6,482","8,980",90%,"1,983","1,597","1,839",81%,2020
United States,"82,142","141,631","61,528","54,181","106,114",88%,"57,910","51,424","100,671",89%,"3,618","2,757","5,443",76%,2020
United States Minor Outlying Islands,0,0,0,0,0,0%,0,0,0,0%,0,0,0,0%,2020
Uruguay,112,210,45,20,71,44%,22,7,34,32%,23,13,37,57%,2020
US Virgin Islands,0,0,0,0,0,0%,0,0,0,0%,0,0,0,0%,2020
Uzbekistan,2,2,5,1,5,20%,1,0,1,0%,4,1,4,25%,2020
Vanuatu,0,0,0,0,0,0%,0,0,0,0%,0,0,0,0%,2020
Vatican City,0,0,0,0,0,0%,0,0,0,0%,0,0,0,0%,2020
Venezuela,2,2,0,0,0,0%,0,0,0,0%,0,0,0,0%,2020
Vietnam,1,1,6,3,7,50%,1,0,1,0%,5,3,6,60%,2020
Wallis and Futuna,0,0,0,0,0,0%,0,0,0,0%,0,0,0,0%,2020
Western Sahara,0,0,0,0,0,0%,0,0,0,0%,0,0,0,0%,2020
Yemen,4,4,0,0,0,0%,0,0,0,0%,0,0,0,0%,2020
Zambia,14,29,0,0,0,0%,0,0,0,0%,0,0,0,0%,2020
Zimbabwe,0,0,0,0,0,0%,0,0,0,0%,0,0,0,0%,2020
Afghanistan,0,0,0,0,0,0%,0,0,0,0%,0,0,0,0%,2021
Aland Islands,0,0,0,0,0,0%,0,0,0,0%,0,0,0,0%,2021
Albania,81,117,24,17,63,71%,24,17,63,71%,0,0,0,0%,2021
Algeria,0,0,0,0,0,0%,0,0,0,0%,0,0,0,0%,2021
American Samoa,0,0,0,0,0,0%,0,0,0,0%,0,0,0,0%,2021
Andorra,0,0,0,0,0,0%,0,0,0,0%,0,0,0,0%,2021
Angola,0,0,0,0,0,0%,0,0,0,0%,0,0,0,0%,2021
Anguilla,0,0,0,0,0,0%,0,0,0,0%,0,0,0,0%,2021
Antarctica,0,0,0,0,0,0%,0,0,0,0%,0,0,0,0%,2021
Antigua,0,0,0,0,0,0%,0,0,0,0%,0,0,0,0%,2021
Argentina,"4,261","6,274","2,746","1,973","4,354",72%,"2,541","1,828","4,009",72%,205,145,345,71%,2021
Armenia,49,82,15,12,19,80%,15,12,19,80%,0,0,0,0%,2021
Aruba,0,0,0,0,0,0%,0,0,0,0%,0,0,0,0%,2021
Australia,367,485,"1,617","1,288","2,116",80%,"1,516","1,213","1,971",80%,101,75,145,74%,2021
Austria,257,426,375,192,552,51%,352,178,521,51%,23,14,31,61%,2021
Azerbaijan,2,2,9,1,20,11%,3,0,14,0%,6,1,6,17%,2021
Bahrain,0,0,0,0,0,0%,0,0,0,0%,0,0,0,0%,2021
Bangladesh,29,40,271,135,448,50%,200,119,334,60%,71,16,114,23%,2021
Barbados,0,0,0,0,0,0%,0,0,0,0%,0,0,0,0%,2021
Belarus,0,0,0,0,0,0%,0,0,0,0%,0,0,0,0%,2021
Belgium,31,57,999,782,"1,829",78%,956,747,"1,752",78%,43,35,77,81%,2021
Belize,12,16,1,0,2,0%,0,0,0,0%,1,0,2,0%,2021
Benin,0,0,0,0,0,0%,0,0,0,0%,0,0,0,0%,2021
Bermuda,0,0,0,0,0,0%,0,0,0,0%,0,0,0,0%,2021
Bhutan,0,0,1,0,1,0%,0,0,0,0%,1,0,1,0%,2021
Bolivia,0,0,2,0,8,0%,1,0,4,0%,1,0,4,0%,2021
"Bonaire, Sint Eustatius and Saba",0,0,0,0,0,0%,0,0,0,0%,0,0,0,0%,2021
Bosnia and Herzegovina,106,205,55,40,124,73%,50,36,118,72%,5,4,6,80%,2021
Botswana,1,1,0,0,0,0%,0,0,0,0%,0,0,0,0%,2021
Bouvet Island,0,0,0,0,0,0%,0,0,0,0%,0,0,0,0%,2021
Brazil,"6,696","14,423","12,989","10,281","46,351",79%,"11,668","9,335","44,231",80%,"1,321",946,"2,120",72%,2021
British Indian Ocean Territory,0,0,0,0,0,0%,0,0,0,0%,0,0,0,0%,2021
British Virgin Islands,0,0,0,0,0,0%,0,0,0,0%,0,0,0,0%,2021
Brunei,0,0,5,2,5,40%,5,2,5,40%,0,0,0,0%,2021
Bulgaria,48,61,61,42,118,69%,60,41,117,68%,1,1,1,100%,2021
Burkina Faso,0,0,0,0,0,0%,0,0,0,0%,0,0,0,0%,2021
Burundi,0,0,0,0,0,0%,0,0,0,0%,0,0,0,0%,2021
Cambodia,2,2,0,0,0,0%,0,0,0,0%,0,0,0,0%,2021
Cameroon,0,0,0,0,0,0%,0,0,0,0%,0,0,0,0%,2021
Canada,"2,609","4,041","2,529","2,073","3,467",82%,"1,110",884,"1,563",80%,"1,419","1,189","1,904",84%,2021
Cape Verde,33,40,0,0,0,0%,0,0,0,0%,0,0,0,0%,2021
Cayman Islands,0,0,0,0,0,0%,0,0,0,0%,0,0,0,0%,2021
Central African Republic,0,0,0,0,0,0%,0,0,0,0%,0,0,0,0%,2021
Chad,0,0,0,0,0,0%,0,0,0,0%,0,0,0,0%,2021
Chile,416,865,348,52,756,15%,295,19,626,6%,53,33,130,62%,2021
China,0,0,0,0,0,0%,0,0,0,0%,0,0,0,0%,2021
Christmas Island,0,0,0,0,0,0%,0,0,0,0%,0,0,0,0%,2021
Cocos (Keeling) Islands,0,0,0,0,0,0%,0,0,0,0%,0,0,0,0%,2021
Colombia,958,"1,596",722,426,"1,702",59%,421,234,845,56%,301,192,857,64%,2021
Comoros,0,0,0,0,0,0%,0,0,0,0%,0,0,0,0%,2021
Cook Islands,0,0,0,0,0,0%,0,0,0,0%,0,0,0,0%,2021
Costa Rica,146,247,25,10,65,40%,4,0,14,0%,21,10,51,48%,2021
Croatia,1,3,103,71,194,69%,99,68,183,69%,4,3,11,75%,2021
Cuba,58,108,0,0,0,0%,0,0,0,0%,0,0,0,0%,2021
Curacao,0,0,0,0,0,0%,0,0,0,0%,0,0,0,0%,2021
Cyprus,42,55,14,10,25,71%,5,1,10,20%,9,9,15,100%,2021
Czech Republic,58,82,162,124,308,77%,150,113,293,75%,12,11,15,92%,2021
Democratic Republic of the Congo,0,0,0,0,0,0%,0,0,0,0%,0,0,0,0%,2021
Denmark,234,329,122,90,169,74%,119,88,166,74%,3,2,3,67%,2021
Djibouti,0,0,0,0,0,0%,0,0,0,0%,0,0,0,0%,2021
Dominica,0,0,0,0,0,0%,0,0,0,0%,0,0,0,0%,2021
Dominican Republic,124,171,133,49,208,37%,108,33,175,31%,25,16,33,64%,2021
Ecuador,145,231,411,222,589,54%,167,56,270,34%,244,166,319,68%,2021
Egypt,0,0,2,1,2,50%,0,0,0,0%,2,1,2,50%,2021
El Salvador,23,40,14,6,38,43%,13,6,35,46%,1,0,3,0%,2021
Equatorial Guinea,0,0,0,0,0,0%,0,0,0,0%,0,0,0,0%,2021
Eritrea,0,0,0,0,0,0%,0,0,0,0%,0,0,0,0%,2021
Estonia,11,15,58,25,99,43%,52,19,93,37%,6,6,6,100%,2021
Ethiopia,0,0,0,0,0,0%,0,0,0,0%,0,0,0,0%,2021
Falkland Islands,0,0,0,0,0,0%,0,0,0,0%,0,0,0,0%,2021
Faroe Islands,0,0,0,0,0,0%,0,0,0,0%,0,0,0,0%,2021
Federated States of Micronesia,0,0,0,0,0,0%,0,0,0,0%,0,0,0,0%,2021
Fiji,0,0,0,0,0,0%,0,0,0,0%,0,0,0,0%,2021
Finland,101,142,157,126,222,80%,140,111,188,79%,17,15,34,88%,2021
France,231,297,"13,822","11,006","16,225",80%,"8,026","5,661","10,209",71%,"5,796","5,345","6,016",92%,2021
French Guiana,0,0,0,0,0,0%,0,0,0,0%,0,0,0,0%,2021
French Polynesia,0,0,0,0,0,0%,0,0,0,0%,0,0,0,0%,2021
French Southern Territories,0,0,0,0,0,0%,0,0,0,0%,0,0,0,0%,2021
Gabon,0,0,0,0,0,0%,0,0,0,0%,0,0,0,0%,2021
Georgia,75,95,14,9,15,64%,14,9,15,64%,0,0,0,0%,2021
Germany,543,782,"15,554","9,909","22,107",64%,"14,843","9,373","20,928",63%,711,536,"1,179",75%,2021
Ghana,3,6,1,1,1,100%,1,1,1,100%,0,0,0,0%,2021
Gibraltar,0,0,0,0,0,0%,0,0,0,0%,0,0,0,0%,2021
Greece,318,470,748,471,"1,103",63%,670,405,"1,016",60%,78,66,87,85%,2021
Greenland,0,0,0,0,0,0%,0,0,0,0%,0,0,0,0%,2021
Grenada,0,0,0,0,0,0%,0,0,0,0%,0,0,0,0%,2021
Guadeloupe,0,0,0,0,0,0%,0,0,0,0%,0,0,0,0%,2021
Guam,0,0,0,0,0,0%,0,0,0,0%,0,0,0,0%,2021
Guatemala,385,613,456,234,883,51%,268,94,560,35%,188,140,323,74%,2021
Guernsey,0,0,0,0,0,0%,0,0,0,0%,0,0,0,0%,2021
Guinea,0,0,0,0,0,0%,0,0,0,0%,0,0,0,0%,2021
Guinea-Bissau,0,0,0,0,0,0%,0,0,0,0%,0,0,0,0%,2021
Guyana,3,3,8,0,9,0%,0,0,0,0%,8,0,9,0%,2021
Haiti,0,0,0,0,0,0%,0,0,0,0%,0,0,0,0%,2021
Heard Island and McDonald Islands,0,0,0,0,0,0%,0,0,0,0%,0,0,0,0%,2021
Honduras,50,84,13,5,18,38%,6,3,8,50%,7,2,10,29%,2021
Hong Kong,31,32,152,0,177,0%,150,0,174,0%,2,0,3,0%,2021
Hungary,47,91,556,286,858,51%,548,283,842,52%,8,3,16,38%,2021
Iceland,6,9,0,0,0,0%,0,0,0,0%,0,0,0,0%,2021
India,"4,789","7,820","45,275","22,865","68,485",51%,"42,458","21,399","60,677",50%,"2,817","1,466","7,808",52%,2021
Indonesia,29,36,63,23,136,37%,49,13,59,27%,14,10,77,71%,2021
Iran,1,1,5,0,8,0%,3,0,3,0%,2,0,5,0%,2021
Iraq,5,5,1,0,1,0%,1,0,1,0%,0,0,0,0%,2021
Ireland,516,767,351,270,435,77%,335,260,415,78%,16,10,20,63%,2021
Isle Of Man,0,0,0,0,0,0%,0,0,0,0%,0,0,0,0%,2021
Israel,867,"1,071",963,769,"1,659",80%,513,420,740,82%,450,349,919,78%,2021
Italy,"2,175","3,276","4,125","2,088","7,003",51%,"4,050","2,038","6,905",50%,75,50,98,67%,2021
Ivory Coast,55,151,6,3,6,50%,6,3,6,50%,0,0,0,0%,2021
Jamaica,0,0,0,0,0,0%,0,0,0,0%,0,0,0,0%,2021
Japan,20,27,101,59,124,58%,2,0,2,0%,99,59,122,60%,2021
Jersey,0,0,0,0,0,0%,0,0,0,0%,0,0,0,0%,2021
Jordan,0,0,423,270,546,64%,369,255,469,69%,54,15,77,28%,2021
Kazakhstan,0,0,0,0,0,0%,0,0,0,0%,0,0,0,0%,2021
Kenya,44,119,17,6,56,35%,16,5,55,31%,1,1,1,100%,2021
Kiribati,0,0,0,0,0,0%,0,0,0,0%,0,0,0,0%,2021
Kosovo,2,5,19,14,32,74%,15,11,24,73%,4,3,8,75%,2021
Kuwait,3,4,0,0,0,0%,0,0,0,0%,0,0,0,0%,2021
Kyrgyzstan,0,0,0,0,0,0%,0,0,0,0%,0,0,0,0%,2021
Laos,0,0,0,0,0,0%,0,0,0,0%,0,0,0,0%,2021
Latvia,4,4,72,48,94,67%,70,47,92,67%,2,1,2,50%,2021
Lebanon,0,0,0,0,0,0%,0,0,0,0%,0,0,0,0%,2021
Lesotho,0,0,0,0,0,0%,0,0,0,0%,0,0,0,0%,2021
Liberia,0,0,0,0,0,0%,0,0,0,0%,0,0,0,0%,2021
Libya,0,0,0,0,0,0%,0,0,0,0%,0,0,0,0%,2021
Liechtenstein,0,0,0,0,0,0%,0,0,0,0%,0,0,0,0%,2021
Lithuania,30,41,90,54,142,60%,87,51,136,59%,3,3,6,100%,2021
Luxembourg,38,48,24,13,47,54%,22,12,45,55%,2,1,2,50%,2021
Macau,0,0,2,2,2,100%,2,2,2,100%,0,0,0,0%,2021
Macedonia,4,4,78,33,105,42%,78,33,105,42%,0,0,0,0%,2021
Madagascar,1,2,4,1,6,25%,4,1,6,25%,0,0,0,0%,2021
Malawi,0,0,5,1,6,20%,3,0,3,0%,2,1,3,50%,2021
Malaysia,10,22,48,38,131,79%,47,37,130,79%,1,1,1,100%,2021
Maldives,7,11,10,6,10,60%,7,6,7,86%,3,0,3,0%,2021
Mali,0,0,0,0,0,0%,0,0,0,0%,0,0,0,0%,2021
Malta,13,13,476,245,568,51%,470,244,559,52%,6,1,9,17%,2021
Marshall Islands,0,0,0,0,0,0%,0,0,0,0%,0,0,0,0%,2021
Martinique,0,0,0,0,0,0%,0,0,0,0%,0,0,0,0%,2021
Mauritania,0,0,0,0,0,0%,0,0,0,0%,0,0,0,0%,2021
Mauritius,3,10,1,0,1,0%,0,0,0,0%,1,0,1,0%,2021
Mayotte,0,0,0,0,0,0%,0,0,0,0%,0,0,0,0%,2021
Mexico,"2,487","4,498","3,041","1,604","5,681",53%,"2,569","1,304","4,776",51%,472,300,905,64%,2021
Moldova,2,3,14,5,59,36%,14,5,59,36%,0,0,0,0%,2021
Monaco,0,0,7,1,10,14%,5,1,7,20%,2,0,3,0%,2021
Mongolia,0,0,5,2,5,40%,5,2,5,40%,0,0,0,0%,2021
Montenegro,0,0,52,38,59,73%,50,36,57,72%,2,2,2,100%,2021
Montserrat,0,0,0,0,0,0%,0,0,0,0%,0,0,0,0%,2021
Morocco,0,0,360,212,413,59%,357,212,410,59%,3,0,3,0%,2021
Mozambique,0,0,0,0,0,0%,0,0,0,0%,0,0,0,0%,2021
Myanmar,0,0,4,2,2,50%,0,0,0,0%,4,2,2,50%,2021
Namibia,0,0,0,0,0,0%,0,0,0,0%,0,0,0,0%,2021
Nauru,0,0,0,0,0,0%,0,0,0,0%,0,0,0,0%,2021
Nepal,77,87,412,242,485,59%,394,231,464,59%,18,11,21,61%,2021
Netherlands,44,98,890,655,"1,278",74%,823,601,"1,189",73%,67,54,89,81%,2021
Netherlands Antilles,0,0,0,0,0,0%,0,0,0,0%,0,0,0,0%,2021
New Caledonia,0,0,0,0,0,0%,0,0,0,0%,0,0,0,0%,2021
New Zealand,278,550,173,141,287,82%,66,53,133,80%,107,88,154,82%,2021
Nicaragua,2,2,0,0,0,0%,0,0,0,0%,0,0,0,0%,2021
Niger,0,0,0,0,0,0%,0,0,0,0%,0,0,0,0%,2021
Nigeria,0,0,21,6,45,29%,18,6,41,33%,3,0,4,0%,2021
Niue,0,0,0,0,0,0%,0,0,0,0%,0,0,0,0%,2021
Norfolk Island,0,0,0,0,0,0%,0,0,0,0%,0,0,0,0%,2021
North Korea,0,0,0,0,0,0%,0,0,0,0%,0,0,0,0%,2021
Northern Mariana Islands,0,0,0,0,0,0%,0,0,0,0%,0,0,0,0%,2021
Norway,72,84,65,32,111,49%,47,16,88,34%,18,16,23,89%,2021
Oman,0,0,0,0,0,0%,0,0,0,0%,0,0,0,0%,2021
Pakistan,775,"1,076","1,345",346,"1,811",26%,"1,272",332,"1,702",26%,73,14,109,19%,2021
Palau,0,0,0,0,0,0%,0,0,0,0%,0,0,0,0%,2021
Palestine,5,6,4,3,8,75%,4,3,8,75%,0,0,0,0%,2021
Panama,77,135,16,8,27,50%,15,7,25,47%,1,1,2,100%,2021
Papua New Guinea,1,1,0,0,0,0%,0,0,0,0%,0,0,0,0%,2021
Paraguay,42,58,54,26,83,48%,43,20,67,47%,11,6,16,55%,2021
Peru,685,950,199,99,386,50%,145,66,295,46%,54,33,91,61%,2021
Philippines,94,161,11,4,26,36%,5,2,14,40%,6,2,12,33%,2021
Pitcairn,0,0,0,0,0,0%,0,0,0,0%,0,0,0,0%,2021
Poland,464,606,"5,033","2,929","6,200",58%,"4,743","2,699","5,845",57%,290,230,355,79%,2021
Portugal,177,222,"1,310",465,"1,769",35%,"1,308",464,"1,767",35%,2,1,2,50%,2021
Puerto Rico,0,0,0,0,0,0%,0,0,0,0%,0,0,0,0%,2021
Qatar,0,0,5,0,6,0%,2,0,2,0%,3,0,4,0%,2021
Republic of the Congo,0,0,0,0,0,0%,0,0,0,0%,0,0,0,0%,2021
Reunion,0,0,0,0,0,0%,0,0,0,0%,0,0,0,0%,2021
Romania,51,115,294,156,574,53%,259,148,505,57%,35,8,69,23%,2021
Russia,18,19,33,0,30,0%,33,0,30,0%,0,0,0,0%,2021
Rwanda,0,0,1,0,1,0%,1,0,1,0%,0,0,0,0%,2021
Saint Barthelemy,0,0,0,0,0,0%,0,0,0,0%,0,0,0,0%,2021
Saint Helena,0,0,0,0,0,0%,0,0,0,0%,0,0,0,0%,2021
Saint Kitts and Nevis,0,0,0,0,0,0%,0,0,0,0%,0,0,0,0%,2021
Saint Martin,0,0,0,0,0,0%,0,0,0,0%,0,0,0,0%,2021
Saint Pierre and Miquelon,0,0,0,0,0,0%,0,0,0,0%,0,0,0,0%,2021
Saint Vincent and the Grenadines,0,0,0,0,0,0%,0,0,0,0%,0,0,0,0%,2021
Samoa,2,2,1,1,1,100%,0,0,0,0%,1,1,1,100%,2021
San Marino,3,3,1,0,1,0%,1,0,1,0%,0,0,0,0%,2021
Sao Tome and Principe,0,0,0,0,0,0%,0,0,0,0%,0,0,0,0%,2021
Saudi Arabia,5,5,1,0,2,0%,0,0,0,0%,1,0,2,0%,2021
Senegal,1,1,0,0,0,0%,0,0,0,0%,0,0,0,0%,2021
Serbia,7,8,296,225,510,76%,281,219,481,78%,15,6,29,40%,2021
Seychelles,0,0,1,0,1,0%,1,0,1,0%,0,0,0,0%,2021
Sierra Leone,0,0,3,0,18,0%,1,0,9,0%,2,0,9,0%,2021
Singapore,687,"1,627","1,231",906,"2,721",74%,"1,222",901,"2,709",74%,9,5,12,56%,2021
Sint Maarten,0,0,0,0,0,0%,0,0,0,0%,0,0,0,0%,2021
Slovakia,0,0,4,2,4,50%,2,1,2,50%,2,1,2,50%,2021
Slovenia,57,91,43,24,128,56%,43,24,128,56%,0,0,0,0%,2021
Solomon Islands,0,0,0,0,0,0%,0,0,0,0%,0,0,0,0%,2021
Somalia,0,0,0,0,0,0%,0,0,0,0%,0,0,0,0%,2021
South Africa,12,38,15,8,55,53%,7,2,8,29%,8,6,47,75%,2021
South Georgia and the South Sandwich Islands,0,0,0,0,0,0%,0,0,0,0%,0,0,0,0%,2021
South Korea,598,904,"1,200",927,"1,608",77%,670,491,990,73%,530,436,618,82%,2021
South Sudan,0,0,0,0,0,0%,0,0,0,0%,0,0,0,0%,2021
Spain,443,880,"2,417","1,261","4,858",52%,"2,407","1,255","4,839",52%,10,6,19,60%,2021
Sri Lanka,4,7,27,8,53,30%,20,5,43,25%,7,3,10,43%,2021
St. Lucia,0,0,0,0,0,0%,0,0,0,0%,0,0,0,0%,2021
Sudan,1,1,3,0,3,0%,3,0,3,0%,0,0,0,0%,2021
Suriname,0,0,0,0,0,0%,0,0,0,0%,0,0,0,0%,2021
Svalbard and Jan Mayen,0,0,0,0,0,0%,0,0,0,0%,0,0,0,0%,2021
Swaziland,0,0,0,0,0,0%,0,0,0,0%,0,0,0,0%,2021
Sweden,53,113,635,547,"1,116",86%,603,529,"1,066",88%,32,18,50,56%,2021
Switzerland,117,166,362,206,496,57%,312,165,420,53%,50,41,76,82%,2021
Syria,0,0,0,0,0,0%,0,0,0,0%,0,0,0,0%,2021
Taiwan,74,106,"1,582","1,159","2,232",73%,"1,493","1,103","2,090",74%,89,56,142,63%,2021
Tajikistan,0,0,0,0,0,0%,0,0,0,0%,0,0,0,0%,2021
Tanzania,0,0,1,0,1,0%,1,0,1,0%,0,0,0,0%,2021
Thailand,21,47,130,92,168,71%,124,87,158,70%,6,5,10,83%,2021
The Bahamas,4,4,2,0,7,0%,1,0,6,0%,1,0,1,0%,2021
The Gambia,0,0,0,0,0,0%,0,0,0,0%,0,0,0,0%,2021
Timor-Leste,0,0,0,0,0,0%,0,0,0,0%,0,0,0,0%,2021
Togo,0,0,0,0,0,0%,0,0,0,0%,0,0,0,0%,2021
Tokelau,0,0,0,0,0,0%,0,0,0,0%,0,0,0,0%,2021
Tonga,4,4,1,0,1,0%,1,0,1,0%,0,0,0,0%,2021
Trinidad and Tobago,1,1,0,0,0,0%,0,0,0,0%,0,0,0,0%,2021
Tunisia,0,0,1,1,2,100%,0,0,0,0%,1,1,2,100%,2021
Turkey,13,19,"7,825","4,622","9,227",59%,"7,801","4,605","9,200",59%,24,17,27,71%,2021
Turkmenistan,0,0,0,0,0,0%,0,0,0,0%,0,0,0,0%,2021
Turks and Caicos Islands,0,0,0,0,0,0%,0,0,0,0%,0,0,0,0%,2021
Tuvalu,0,0,0,0,0,0%,0,0,0,0%,0,0,0,0%,2021
Uganda,0,0,2,0,3,0%,2,0,3,0%,0,0,0,0%,2021
Ukraine,0,0,65,46,96,71%,12,4,24,33%,53,42,72,79%,2021
United Arab Emirates,1,1,16,6,22,38%,2,0,2,0%,14,6,20,43%,2021
United Kingdom,632,"1,035","10,678","9,357","12,728",88%,"8,738","7,732","11,293",88%,"1,940","1,625","1,435",84%,2021
United States,"82,166","140,120","63,657","56,360","111,117",89%,"60,256","53,688","105,797",89%,"3,401","2,672","5,320",79%,2021
United States Minor Outlying Islands,0,0,0,0,0,0%,0,0,0,0%,0,0,0,0%,2021
Uruguay,78,125,47,19,77,40%,13,4,23,31%,34,15,54,44%,2021
US Virgin Islands,0,0,0,0,0,0%,0,0,0,0%,0,0,0,0%,2021
Uzbekistan,1,1,3,0,3,0%,2,0,2,0%,1,0,1,0%,2021
Vanuatu,0,0,0,0,0,0%,0,0,0,0%,0,0,0,0%,2021
Vatican City,0,0,0,0,0,0%,0,0,0,0%,0,0,0,0%,2021
Venezuela,0,0,0,0,0,0%,0,0,0,0%,0,0,0,0%,2021
Vietnam,2,2,3,2,3,67%,0,0,0,0%,3,2,3,67%,2021
Wallis and Futuna,0,0,0,0,0,0%,0,0,0,0%,0,0,0,0%,2021
Western Sahara,0,0,0,0,0,0%,0,0,0,0%,0,0,0,0%,2021
Yemen,1,1,0,0,0,0%,0,0,0,0%,0,0,0,0%,2021
Zambia,0,0,0,0,0,0%,0,0,0,0%,0,0,0,0%,2021
Zimbabwe,0,0,0,0,0,0%,0,0,0,0%,0,0,0,0%,2021
Afghanistan,0,0,0,0,0,0%,0,0,0,0%,0,0,0,0%,2022
Aland Islands,0,0,0,0,0,0%,0,0,0,0%,0,0,0,0%,2022
Albania,82,99,38,23,50,61%,29,18,38,62%,9,5,12,56%,2022
Algeria,1,1,8,3,13,38%,2,0,3,0%,6,3,10,50%,2022
American Samoa,0,0,0,0,0,0%,0,0,0,0%,0,0,0,0%,2022
Andorra,0,0,2,2,2,100%,2,2,2,100%,0,0,0,0%,2022
Angola,0,0,0,0,0,0%,0,0,0,0%,0,0,0,0%,2022
Anguilla,0,0,0,0,0,0%,0,0,0,0%,0,0,0,0%,2022
Antarctica,0,0,0,0,0,0%,0,0,0,0%,0,0,0,0%,2022
Antigua,0,0,0,0,0,0%,0,0,0,0%,0,0,0,0%,2022
Argentina,"6,208","8,881","3,538","2,589","5,088",73%,"3,222","2,380","4,637",74%,316,209,451,66%,2022
Armenia,137,163,14,11,18,79%,14,11,18,79%,0,0,0,0%,2022
Aruba,0,0,0,0,0,0%,0,0,0,0%,0,0,0,0%,2022
Australia,417,604,"1,814","1,528","2,248",84%,"1,714","1,450","2,108",85%,100,78,140,78%,2022
Austria,673,922,688,486,877,71%,675,480,854,71%,13,6,23,46%,2022
Azerbaijan,5,9,5,2,9,40%,4,2,8,50%,1,0,1,0%,2022
Bahrain,1,4,1,0,0,0%,0,0,0,0%,1,0,0,0%,2022
Bangladesh,16,19,659,435,"1,171",66%,610,427,997,70%,49,8,174,16%,2022
Barbados,0,0,0,0,0,0%,0,0,0,0%,0,0,0,0%,2022
Belarus,0,0,0,0,0,0%,0,0,0,0%,0,0,0,0%,2022
Belgium,37,53,"1,180",987,"2,048",84%,"1,147",963,"1,999",84%,33,24,49,73%,2022
Belize,19,28,2,0,4,0%,2,0,4,0%,0,0,0,0%,2022
Benin,0,0,1,0,1,0%,1,0,1,0%,0,0,0,0%,2022
Bermuda,0,0,0,0,0,0%,0,0,0,0%,0,0,0,0%,2022
Bhutan,0,0,2,1,2,50%,0,0,0,0%,2,1,2,50%,2022
Bolivia,5,6,8,1,12,12%,4,0,9,0%,4,1,3,25%,2022
"Bonaire, Sint Eustatius and Saba",0,0,0,0,0,0%,0,0,0,0%,0,0,0,0%,2022
Bosnia and Herzegovina,144,197,86,52,156,60%,82,48,145,59%,4,4,11,100%,2022
Botswana,1,1,0,0,0,0%,0,0,0,0%,0,0,0,0%,2022
Bouvet Island,0,0,0,0,0,0%,0,0,0,0%,0,0,0,0%,2022
Brazil,"8,568","17,085","15,582","12,521","57,742",80%,"14,552","11,768","56,105",81%,"1,030",753,"1,637",73%,2022
British Indian Ocean Territory,0,0,0,0,0,0%,0,0,0,0%,0,0,0,0%,2022
British Virgin Islands,0,0,0,0,0,0%,0,0,0,0%,0,0,0,0%,2022
Brunei,0,0,0,0,0,0%,0,0,0,0%,0,0,0,0%,2022
Bulgaria,43,67,69,58,141,84%,69,58,141,84%,0,0,0,0%,2022
Burkina Faso,0,0,0,0,0,0%,0,0,0,0%,0,0,0,0%,2022
Burundi,0,0,0,0,0,0%,0,0,0,0%,0,0,0,0%,2022
Cambodia,0,0,0,0,0,0%,0,0,0,0%,0,0,0,0%,2022
Cameroon,0,0,0,0,0,0%,0,0,0,0%,0,0,0,0%,2022
Canada,"2,321","3,425","2,859","2,393","4,150",84%,"1,149",951,"1,761",83%,"1,710","1,442","2,389",84%,2022
Cape Verde,2,2,0,0,0,0%,0,0,0,0%,0,0,0,0%,2022
Cayman Islands,0,0,0,0,0,0%,0,0,0,0%,0,0,0,0%,2022
Central African Republic,0,0,0,0,0,0%,0,0,0,0%,0,0,0,0%,2022
Chad,0,0,0,0,0,0%,0,0,0,0%,0,0,0,0%,2022
Chile,608,"1,359",322,83,548,26%,248,43,435,17%,74,40,113,54%,2022
China,0,0,1,0,1,0%,1,0,1,0%,0,0,0,0%,2022
Christmas Island,0,0,0,0,0,0%,0,0,0,0%,0,0,0,0%,2022
Cocos (Keeling) Islands,0,0,0,0,0,0%,0,0,0,0%,0,0,0,0%,2022
Colombia,"1,290","2,263","1,249",835,"3,456",67%,479,225,974,47%,770,610,"2,482",79%,2022
Comoros,0,0,0,0,0,0%,0,0,0,0%,0,0,0,0%,2022
Cook Islands,0,0,0,0,0,0%,0,0,0,0%,0,0,0,0%,2022
Costa Rica,86,119,13,7,17,54%,0,0,0,0%,13,7,17,54%,2022
Croatia,6,7,91,77,144,85%,89,75,141,84%,2,2,3,100%,2022
Cuba,16,38,0,0,0,0%,0,0,0,0%,0,0,0,0%,2022
Curacao,0,0,0,0,0,0%,0,0,0,0%,0,0,0,0%,2022
Cyprus,19,27,10,7,18,70%,2,0,2,0%,8,7,16,88%,2022
Czech Republic,77,103,341,262,540,77%,327,249,522,76%,14,13,18,93%,2022
Democratic Republic of the Congo,2,4,0,0,0,0%,0,0,0,0%,0,0,0,0%,2022
Denmark,176,235,85,59,124,69%,84,58,123,69%,1,1,1,100%,2022
Djibouti,0,0,1,0,1,0%,0,0,0,0%,1,0,1,0%,2022
Dominica,0,0,0,0,0,0%,0,0,0,0%,0,0,0,0%,2022
Dominican Republic,65,100,100,44,167,44%,92,40,152,43%,8,4,15,50%,2022
Ecuador,365,620,353,219,674,62%,144,60,279,42%,209,159,395,76%,2022
Egypt,1,1,3,1,5,33%,0,0,0,0%,3,1,5,33%,2022
El Salvador,38,47,19,4,25,21%,17,4,24,24%,2,0,1,0%,2022
Equatorial Guinea,0,0,0,0,0,0%,0,0,0,0%,0,0,0,0%,2022
Eritrea,0,0,0,0,0,0%,0,0,0,0%,0,0,0,0%,2022
Estonia,6,6,70,42,101,60%,63,38,88,60%,7,4,13,57%,2022
Ethiopia,0,0,0,0,0,0%,0,0,0,0%,0,0,0,0%,2022
Falkland Islands,0,0,0,0,0,0%,0,0,0,0%,0,0,0,0%,2022
Faroe Islands,0,0,0,0,0,0%,0,0,0,0%,0,0,0,0%,2022
Federated States of Micronesia,0,0,0,0,0,0%,0,0,0,0%,0,0,0,0%,2022
Fiji,0,0,0,0,0,0%,0,0,0,0%,0,0,0,0%,2022
Finland,85,137,172,143,259,83%,153,126,222,82%,19,17,37,89%,2022
France,209,307,"12,769","10,786","15,148",84%,"6,702","4,941","8,910",74%,"6,067","5,845","6,238",96%,2022
French Guiana,0,0,0,0,0,0%,0,0,0,0%,0,0,0,0%,2022
French Polynesia,0,0,0,0,0,0%,0,0,0,0%,0,0,0,0%,2022
French Southern Territories,0,0,0,0,0,0%,0,0,0,0%,0,0,0,0%,2022
Gabon,0,0,0,0,0,0%,0,0,0,0%,0,0,0,0%,2022
Georgia,53,81,27,26,40,96%,27,26,40,96%,0,0,0,0%,2022
Germany,694,"1,083","17,977","11,583","25,555",64%,"17,316","11,081","24,417",64%,661,502,"1,138",76%,2022
Ghana,27,30,8,2,11,25%,1,0,1,0%,7,2,10,29%,2022
Gibraltar,0,0,0,0,0,0%,0,0,0,0%,0,0,0,0%,2022
Greece,267,414,809,542,"1,296",67%,696,445,"1,153",64%,113,97,143,86%,2022
Greenland,0,0,0,0,0,0%,0,0,0,0%,0,0,0,0%,2022
Grenada,0,0,0,0,0,0%,0,0,0,0%,0,0,0,0%,2022
Guadeloupe,0,0,0,0,0,0%,0,0,0,0%,0,0,0,0%,2022
Guam,0,0,0,0,0,0%,0,0,0,0%,0,0,0,0%,2022
Guatemala,440,804,715,443,"1,220",62%,405,183,689,45%,310,260,531,84%,2022
Guernsey,0,0,0,0,0,0%,0,0,0,0%,0,0,0,0%,2022
Guinea,0,0,1,0,2,0%,1,0,2,0%,0,0,0,0%,2022
Guinea-Bissau,0,0,0,0,0,0%,0,0,0,0%,0,0,0,0%,2022
Guyana,3,3,8,2,8,25%,0,0,0,0%,8,2,8,25%,2022
Haiti,0,0,0,0,0,0%,0,0,0,0%,0,0,0,0%,2022
Heard Island and McDonald Islands,0,0,0,0,0,0%,0,0,0,0%,0,0,0,0%,2022
Honduras,55,88,7,3,13,43%,5,3,9,60%,2,0,4,0%,2022
Hong Kong,23,24,61,0,69,0%,61,0,69,0%,0,0,0,0%,2022
Hungary,26,35,625,380,820,61%,618,378,806,61%,7,2,14,29%,2022
Iceland,5,11,3,1,5,33%,1,0,1,0%,2,1,4,50%,2022
India,"7,261","12,797","55,497","36,958","91,159",67%,"51,602","34,769","81,941",67%,"3,895","2,189","9,218",56%,2022
Indonesia,8,9,187,152,722,81%,180,149,710,83%,7,3,12,43%,2022
Iran,3,6,2,0,2,0%,1,0,1,0%,1,0,1,0%,2022
Iraq,3,3,6,0,6,0%,4,0,4,0%,2,0,2,0%,2022
Ireland,554,755,296,217,359,73%,275,206,342,75%,21,11,17,52%,2022
Isle Of Man,0,0,0,0,0,0%,0,0,0,0%,0,0,0,0%,2022
Israel,504,610,"1,060",843,"2,814",80%,423,363,725,86%,637,480,"2,089",75%,2022
Italy,"1,610","2,374","2,698","1,537","4,357",57%,"2,629","1,500","4,242",57%,69,37,115,54%,2022
Ivory Coast,11,12,0,0,0,0%,0,0,0,0%,0,0,0,0%,2022
Jamaica,0,0,4,1,2,25%,0,0,0,0%,4,1,2,25%,2022
Japan,25,31,256,190,381,74%,2,0,1,0%,254,190,380,75%,2022
Jersey,0,0,0,0,0,0%,0,0,0,0%,0,0,0,0%,2022
Jordan,2,3,601,352,723,59%,553,338,670,61%,48,14,53,29%,2022
Kazakhstan,0,0,0,0,0,0%,0,0,0,0%,0,0,0,0%,2022
Kenya,35,83,15,7,27,47%,14,6,26,43%,1,1,1,100%,2022
Kiribati,0,0,0,0,0,0%,0,0,0,0%,0,0,0,0%,2022
Kosovo,2,4,37,7,65,19%,34,6,61,18%,3,1,4,33%,2022
Kuwait,1,1,0,0,0,0%,0,0,0,0%,0,0,0,0%,2022
Kyrgyzstan,0,0,0,0,0,0%,0,0,0,0%,0,0,0,0%,2022
Laos,0,0,0,0,0,0%,0,0,0,0%,0,0,0,0%,2022
Latvia,4,4,55,38,58,69%,54,38,57,70%,1,0,1,0%,2022
Lebanon,1,1,0,0,0,0%,0,0,0,0%,0,0,0,0%,2022
Lesotho,0,0,0,0,0,0%,0,0,0,0%,0,0,0,0%,2022
Liberia,0,0,0,0,0,0%,0,0,0,0%,0,0,0,0%,2022
Libya,0,0,0,0,0,0%,0,0,0,0%,0,0,0,0%,2022
Liechtenstein,2,2,4,3,4,75%,4,3,4,75%,0,0,0,0%,2022
Lithuania,26,30,154,119,189,77%,153,119,188,78%,1,0,1,0%,2022
Luxembourg,63,82,12,8,12,67%,12,8,12,67%,0,0,0,0%,2022
Macau,0,0,6,5,6,83%,2,1,2,50%,4,4,4,100%,2022
Macedonia,2,2,62,28,131,45%,62,28,131,45%,0,0,0,0%,2022
Madagascar,0,0,0,0,0,0%,0,0,0,0%,0,0,0,0%,2022
Malawi,0,0,0,0,0,0%,0,0,0,0%,0,0,0,0%,2022
Malaysia,9,24,70,63,199,90%,68,61,196,90%,2,2,3,100%,2022
Maldives,7,9,16,14,24,88%,13,11,21,85%,3,3,3,100%,2022
Mali,0,0,0,0,0,0%,0,0,0,0%,0,0,0,0%,2022
Malta,1,1,381,285,470,75%,366,272,455,74%,15,13,15,87%,2022
Marshall Islands,0,0,0,0,0,0%,0,0,0,0%,0,0,0,0%,2022
Martinique,0,0,0,0,0,0%,0,0,0,0%,0,0,0,0%,2022
Mauritania,0,0,0,0,0,0%,0,0,0,0%,0,0,0,0%,2022
Mauritius,2,2,0,0,0,0%,0,0,0,0%,0,0,0,0%,2022
Mayotte,0,0,0,0,0,0%,0,0,0,0%,0,0,0,0%,2022
Mexico,"2,713","4,972","4,029","2,408","7,712",60%,"3,027","1,757","5,808",58%,"1,002",651,"1,904",65%,2022
Moldova,1,4,12,2,13,17%,10,1,11,10%,2,1,2,50%,2022
Monaco,0,0,1,0,1,0%,1,0,1,0%,0,0,0,0%,2022
Mongolia,0,0,28,10,39,36%,25,10,36,40%,3,0,3,0%,2022
Montenegro,1,3,32,22,40,69%,32,22,40,69%,0,0,0,0%,2022
Montserrat,0,0,0,0,0,0%,0,0,0,0%,0,0,0,0%,2022
Morocco,0,0,419,267,472,64%,419,267,472,64%,0,0,0,0%,2022
Mozambique,0,0,0,0,0,0%,0,0,0,0%,0,0,0,0%,2022
Myanmar,0,0,0,0,0,0%,0,0,0,0%,0,0,0,0%,2022
Namibia,0,0,0,0,0,0%,0,0,0,0%,0,0,0,0%,2022
Nauru,0,0,0,0,0,0%,0,0,0,0%,0,0,0,0%,2022
Nepal,0,0,602,401,717,67%,585,386,694,66%,17,15,23,88%,2022
Netherlands,35,56,615,502,"1,024",82%,549,451,918,82%,66,51,106,77%,2022
Netherlands Antilles,0,0,0,0,0,0%,0,0,0,0%,0,0,0,0%,2022
New Caledonia,0,0,0,0,0,0%,0,0,0,0%,0,0,0,0%,2022
New Zealand,381,813,180,143,266,79%,88,74,149,84%,92,69,117,75%,2022
Nicaragua,1,1,2,1,3,50%,1,0,1,0%,1,1,2,100%,2022
Niger,0,0,0,0,0,0%,0,0,0,0%,0,0,0,0%,2022
Nigeria,0,0,11,5,21,45%,9,4,19,44%,2,1,2,50%,2022
Niue,0,0,0,0,0,0%,0,0,0,0%,0,0,0,0%,2022
Norfolk Island,0,0,0,0,0,0%,0,0,0,0%,0,0,0,0%,2022
North Korea,0,0,0,0,0,0%,0,0,0,0%,0,0,0,0%,2022
Northern Mariana Islands,0,0,0,0,0,0%,0,0,0,0%,0,0,0,0%,2022
Norway,15,22,40,16,96,40%,32,10,88,31%,8,6,8,75%,2022
Oman,0,0,0,0,0,0%,0,0,0,0%,0,0,0,0%,2022
Pakistan,547,748,"1,373",642,"1,783",47%,"1,307",621,"1,691",48%,66,21,92,32%,2022
Palau,0,0,0,0,0,0%,0,0,0,0%,0,0,0,0%,2022
Palestine,2,2,4,4,4,100%,4,4,4,100%,0,0,0,0%,2022
Panama,146,281,19,14,37,74%,15,11,33,73%,4,3,4,75%,2022
Papua New Guinea,0,0,0,0,0,0%,0,0,0,0%,0,0,0,0%,2022
Paraguay,40,58,39,17,61,44%,26,11,42,42%,13,6,19,46%,2022
Peru,980,"1,336",235,122,428,52%,192,99,351,52%,43,23,77,53%,2022
Philippines,152,350,21,10,35,48%,8,4,10,50%,13,6,25,46%,2022
Pitcairn,0,0,0,0,0,0%,0,0,0,0%,0,0,0,0%,2022
Poland,564,693,"5,720","3,610","7,319",63%,"5,535","3,481","7,079",63%,185,129,240,70%,2022
Portugal,130,159,"1,232",512,"1,578",42%,"1,231",512,"1,577",42%,1,0,1,0%,2022
Puerto Rico,0,0,0,0,0,0%,0,0,0,0%,0,0,0,0%,2022
Qatar,0,0,1,0,1,0%,1,0,1,0%,0,0,0,0%,2022
Republic of the Congo,0,0,0,0,0,0%,0,0,0,0%,0,0,0,0%,2022
Reunion,0,0,0,0,0,0%,0,0,0,0%,0,0,0,0%,2022
Romania,46,93,352,187,860,53%,305,173,740,57%,47,14,120,30%,2022
Russia,2,2,8,0,7,0%,7,0,7,0%,1,0,0,0%,2022
Rwanda,0,0,0,0,0,0%,0,0,0,0%,0,0,0,0%,2022
Saint Barthelemy,0,0,0,0,0,0%,0,0,0,0%,0,0,0,0%,2022
Saint Helena,0,0,0,0,0,0%,0,0,0,0%,0,0,0,0%,2022
Saint Kitts and Nevis,0,0,1,0,1,0%,0,0,0,0%,1,0,1,0%,2022
Saint Martin,1,1,1,0,1,0%,0,0,0,0%,1,0,1,0%,2022
Saint Pierre and Miquelon,0,0,0,0,0,0%,0,0,0,0%,0,0,0,0%,2022
Saint Vincent and the Grenadines,0,0,0,0,0,0%,0,0,0,0%,0,0,0,0%,2022
Samoa,3,4,0,0,0,0%,0,0,0,0%,0,0,0,0%,2022
San Marino,2,2,4,0,10,0%,4,0,10,0%,0,0,0,0%,2022
Sao Tome and Principe,0,0,0,0,0,0%,0,0,0,0%,0,0,0,0%,2022
Saudi Arabia,4,5,1,0,1,0%,0,0,0,0%,1,0,1,0%,2022
Senegal,2,3,2,2,2,100%,2,2,2,100%,0,0,0,0%,2022
Serbia,36,47,270,193,412,71%,261,186,400,71%,9,7,12,78%,2022
Seychelles,0,0,0,0,0,0%,0,0,0,0%,0,0,0,0%,2022
Sierra Leone,1,1,0,0,0,0%,0,0,0,0%,0,0,0,0%,2022
Singapore,119,741,968,819,"1,814",85%,953,808,"1,789",85%,15,11,25,73%,2022
Sint Maarten,0,0,0,0,0,0%,0,0,0,0%,0,0,0,0%,2022
Slovakia,0,0,3,3,4,100%,0,0,0,0%,3,3,4,100%,2022
Slovenia,46,56,25,16,37,64%,23,14,34,61%,2,2,3,100%,2022
Solomon Islands,0,0,0,0,0,0%,0,0,0,0%,0,0,0,0%,2022
Somalia,0,0,0,0,0,0%,0,0,0,0%,0,0,0,0%,2022
South Africa,4,10,10,4,17,40%,4,1,6,25%,6,3,11,50%,2022
South Georgia and the South Sandwich Islands,0,0,0,0,0,0%,0,0,0,0%,0,0,0,0%,2022
South Korea,788,"1,080","1,165",973,"1,620",84%,785,639,"1,162",81%,380,334,458,88%,2022
South Sudan,0,0,0,0,0,0%,0,0,0,0%,0,0,0,0%,2022
Spain,376,601,"2,593","1,486","4,821",57%,"2,570","1,469","4,773",57%,23,17,48,74%,2022
Sri Lanka,5,6,150,2,270,1%,147,2,267,1%,3,0,3,0%,2022
St. Lucia,0,0,0,0,0,0%,0,0,0,0%,0,0,0,0%,2022
Sudan,0,0,0,0,0,0%,0,0,0,0%,0,0,0,0%,2022
Suriname,0,0,0,0,0,0%,0,0,0,0%,0,0,0,0%,2022
Svalbard and Jan Mayen,0,0,0,0,0,0%,0,0,0,0%,0,0,0,0%,2022
Swaziland,0,0,0,0,0,0%,0,0,0,0%,0,0,0,0%,2022
Sweden,83,128,648,569,"1,046",88%,608,539,988,89%,40,30,58,75%,2022
Switzerland,114,168,505,377,759,75%,458,337,696,74%,47,40,63,85%,2022
Syria,3,3,0,0,0,0%,0,0,0,0%,0,0,0,0%,2022
Taiwan,61,77,"2,610","2,239","4,221",86%,"2,571","2,217","4,172",86%,39,22,49,56%,2022
Tajikistan,0,0,0,0,0,0%,0,0,0,0%,0,0,0,0%,2022
Tanzania,1,1,0,0,0,0%,0,0,0,0%,0,0,0,0%,2022
Thailand,54,89,271,176,357,65%,261,171,347,66%,10,5,10,50%,2022
The Bahamas,0,0,0,0,0,0%,0,0,0,0%,0,0,0,0%,2022
The Gambia,0,0,0,0,0,0%,0,0,0,0%,0,0,0,0%,2022
Timor-Leste,0,0,0,0,0,0%,0,0,0,0%,0,0,0,0%,2022
Togo,0,0,0,0,0,0%,0,0,0,0%,0,0,0,0%,2022
Tokelau,0,0,0,0,0,0%,0,0,0,0%,0,0,0,0%,2022
Tonga,37,44,1,0,8,0%,1,0,8,0%,0,0,0,0%,2022
Trinidad and Tobago,0,0,1,0,4,0%,1,0,4,0%,0,0,0,0%,2022
Tunisia,2,2,4,0,4,0%,3,0,3,0%,1,0,1,0%,2022
Turkey,43,67,"8,513","6,954","9,215",82%,"8,494","6,945","9,195",82%,19,9,20,47%,2022
Turkmenistan,0,0,0,0,0,0%,0,0,0,0%,0,0,0,0%,2022
Turks and Caicos Islands,0,0,0,0,0,0%,0,0,0,0%,0,0,0,0%,2022
Tuvalu,0,0,0,0,0,0%,0,0,0,0%,0,0,0,0%,2022
Uganda,0,0,0,0,0,0%,0,0,0,0%,0,0,0,0%,2022
Ukraine,24,482,52,23,193,44%,15,2,74,13%,37,21,119,57%,2022
United Arab Emirates,1,1,23,6,37,26%,10,0,16,0%,13,6,21,46%,2022
United Kingdom,415,625,"11,353","9,446","12,930",83%,"9,065","8,106","11,514",89%,"2,288","1,340","1,416",59%,2022
United States,"84,113","141,118","69,363","61,020","126,142",88%,"65,420","57,934","120,174",89%,"3,943","3,086","5,968",78%,2022
United States Minor Outlying Islands,0,0,0,0,0,0%,0,0,0,0%,0,0,0,0%,2022
Uruguay,117,178,63,20,87,32%,31,8,45,26%,32,12,42,38%,2022
US Virgin Islands,0,0,0,0,0,0%,0,0,0,0%,0,0,0,0%,2022
Uzbekistan,1,2,0,0,0,0%,0,0,0,0%,0,0,0,0%,2022
Vanuatu,0,0,1,0,20,0%,1,0,20,0%,0,0,0,0%,2022
Vatican City,3,3,1,1,2,100%,0,0,0,0%,1,1,2,100%,2022
Venezuela,4,4,12,0,14,0%,5,0,6,0%,7,0,8,0%,2022
Vietnam,1,1,1,0,1,0%,0,0,0,0%,1,0,1,0%,2022
Wallis and Futuna,0,0,0,0,0,0%,0,0,0,0%,0,0,0,0%,2022
Western Sahara,0,0,0,0,0,0%,0,0,0,0%,0,0,0,0%,2022
Yemen,0,0,1,0,1,0%,0,0,0,0%,1,0,1,0%,2022
Zambia,4,5,8,3,8,38%,7,3,7,43%,1,0,1,0%,2022
Zimbabwe,0,0,0,0,0,0%,0,0,0,0%,0,0,0,0%,2022
Afghanistan,2,2,0,0,0,0%,0,0,0,0%,0,0,0,0%,2023
Aland Islands,0,0,0,0,0,0%,0,0,0,0%,0,0,0,0%,2023
Albania,91,123,30,23,51,77%,26,21,44,81%,4,2,7,50%,2023
Algeria,0,0,28,5,33,18%,16,0,15,0%,12,5,18,42%,2023
American Samoa,0,0,0,0,0,0%,0,0,0,0%,0,0,0,0%,2023
Andorra,3,4,3,1,3,33%,3,1,3,33%,0,0,0,0%,2023
Angola,0,0,0,0,0,0%,0,0,0,0%,0,0,0,0%,2023
Anguilla,0,0,0,0,0,0%,0,0,0,0%,0,0,0,0%,2023
Antarctica,0,0,0,0,0,0%,0,0,0,0%,0,0,0,0%,2023
Antigua,0,0,0,0,0,0%,0,0,0,0%,0,0,0,0%,2023
Argentina,"6,760","9,769","4,058","2,735","6,145",67%,"3,648","2,474","5,513",68%,410,261,632,64%,2023
Armenia,38,53,5,3,6,60%,5,3,6,60%,0,0,0,0%,2023
Aruba,0,0,0,0,0,0%,0,0,0,0%,0,0,0,0%,2023
Australia,522,744,"2,762","2,266","3,297",82%,"2,507","2,056","2,895",82%,255,210,402,82%,2023
Austria,"1,555","1,927","1,589","1,397","2,037",88%,"1,558","1,376","1,977",88%,31,21,60,68%,2023
Azerbaijan,3,3,15,6,50,40%,7,1,11,14%,8,5,39,62%,2023
Bahrain,0,0,0,0,0,0%,0,0,0,0%,0,0,0,0%,2023
Bangladesh,28,40,988,664,"1,454",67%,956,662,"1,419",69%,32,2,35,6%,2023
Barbados,0,0,0,0,0,0%,0,0,0,0%,0,0,0,0%,2023
Belarus,0,0,0,0,0,0%,0,0,0,0%,0,0,0,0%,2023
Belgium,47,66,"1,237",973,"2,135",79%,"1,198",940,"1,974",78%,39,33,161,85%,2023
Belize,2,2,2,2,2,100%,0,0,0,0%,2,2,2,100%,2023
Benin,0,0,0,0,0,0%,0,0,0,0%,0,0,0,0%,2023
Bermuda,0,0,0,0,0,0%,0,0,0,0%,0,0,0,0%,2023
Bhutan,0,0,1,1,1,100%,0,0,0,0%,1,1,1,100%,2023
Bolivia,12,18,20,2,28,10%,16,0,24,0%,4,2,4,50%,2023
"Bonaire, Sint Eustatius and Saba",0,0,0,0,0,0%,0,0,0,0%,0,0,0,0%,2023
Bosnia and Herzegovina,123,209,69,55,115,80%,65,53,111,82%,4,2,4,50%,2023
Botswana,2,2,0,0,0,0%,0,0,0,0%,0,0,0,0%,2023
Bouvet Island,0,0,0,0,0,0%,0,0,0,0%,0,0,0,0%,2023
Brazil,"13,786","27,429","23,810","19,099","77,295",80%,"20,521","16,576","71,611",81%,"3,289","2,523","5,684",77%,2023
British Indian Ocean Territory,0,0,0,0,0,0%,0,0,0,0%,0,0,0,0%,2023
British Virgin Islands,0,0,0,0,0,0%,0,0,0,0%,0,0,0,0%,2023
Brunei,1,1,0,0,0,0%,0,0,0,0%,0,0,0,0%,2023
Bulgaria,51,72,113,97,188,86%,112,97,187,87%,1,0,1,0%,2023
Burkina Faso,0,0,0,0,0,0%,0,0,0,0%,0,0,0,0%,2023
Burundi,0,0,0,0,0,0%,0,0,0,0%,0,0,0,0%,2023
Cambodia,0,0,0,0,0,0%,0,0,0,0%,0,0,0,0%,2023
Cameroon,1,1,6,0,17,0%,6,0,17,0%,0,0,0,0%,2023
Canada,"2,365","3,469","3,139","2,608","4,424",83%,"1,197",989,"1,618",83%,"1,942","1,619","2,806",83%,2023
Cape Verde,8,13,0,0,0,0%,0,0,0,0%,0,0,0,0%,2023
Cayman Islands,0,0,0,0,0,0%,0,0,0,0%,0,0,0,0%,2023
Central African Republic,0,0,0,0,0,0%,0,0,0,0%,0,0,0,0%,2023
Chad,0,0,0,0,0,0%,0,0,0,0%,0,0,0,0%,2023
Chile,528,978,302,111,617,37%,240,77,500,32%,62,34,117,55%,2023
China,0,0,0,0,0,0%,0,0,0,0%,0,0,0,0%,2023
Christmas Island,0,0,0,0,0,0%,0,0,0,0%,0,0,0,0%,2023
Cocos (Keeling) Islands,0,0,0,0,0,0%,0,0,0,0%,0,0,0,0%,2023
Colombia,"1,157","2,222","1,822","1,388","5,799",76%,473,247,"1,125",52%,"1,349","1,141","4,674",85%,2023
Comoros,0,0,0,0,0,0%,0,0,0,0%,0,0,0,0%,2023
Cook Islands,0,0,0,0,0,0%,0,0,0,0%,0,0,0,0%,2023
Costa Rica,88,146,49,26,65,53%,9,0,14,0%,40,26,51,65%,2023
Croatia,5,5,105,84,205,80%,101,81,200,80%,4,3,5,75%,2023
Cuba,16,54,0,0,0,0%,0,0,0,0%,0,0,0,0%,2023
Curacao,0,0,0,0,0,0%,0,0,0,0%,0,0,0,0%,2023
Cyprus,12,31,7,5,17,71%,1,0,5,0%,6,5,12,83%,2023
Czech Republic,38,46,839,648,"1,255",77%,823,635,"1,232",77%,16,13,23,81%,2023
Democratic Republic of the Congo,2,3,0,0,0,0%,0,0,0,0%,0,0,0,0%,2023
Denmark,399,486,154,115,322,75%,150,113,316,75%,4,2,6,50%,2023
Djibouti,0,0,0,0,0,0%,0,0,0,0%,0,0,0,0%,2023
Dominica,0,0,0,0,0,0%,0,0,0,0%,0,0,0,0%,2023
Dominican Republic,118,152,82,38,109,46%,72,31,89,43%,10,7,20,70%,2023
Ecuador,191,293,794,592,"1,797",75%,199,57,322,29%,595,535,"1,475",90%,2023
Egypt,2,2,7,3,10,43%,0,0,0,0%,7,3,10,43%,2023
El Salvador,24,34,8,1,12,12%,5,0,8,0%,3,1,4,33%,2023
Equatorial Guinea,0,0,0,0,0,0%,0,0,0,0%,0,0,0,0%,2023
Eritrea,0,0,0,0,0,0%,0,0,0,0%,0,0,0,0%,2023
Estonia,7,7,62,48,90,77%,56,43,80,77%,6,5,10,83%,2023
Ethiopia,0,0,0,0,0,0%,0,0,0,0%,0,0,0,0%,2023
Falkland Islands,0,0,0,0,0,0%,0,0,0,0%,0,0,0,0%,2023
Faroe Islands,0,0,0,0,0,0%,0,0,0,0%,0,0,0,0%,2023
Federated States of Micronesia,0,0,0,0,0,0%,0,0,0,0%,0,0,0,0%,2023
Fiji,1,1,2,0,2,0%,1,0,1,0%,1,0,1,0%,2023
Finland,111,232,279,236,444,85%,254,212,400,83%,25,24,44,96%,2023
France,207,294,"12,022","10,122","13,821",84%,"5,859","4,116","7,603",70%,"6,163","6,006","6,218",97%,2023
French Guiana,0,0,0,0,0,0%,0,0,0,0%,0,0,0,0%,2023
French Polynesia,0,0,0,0,0,0%,0,0,0,0%,0,0,0,0%,2023
French Southern Territories,0,0,0,0,0,0%,0,0,0,0%,0,0,0,0%,2023
Gabon,0,0,0,0,0,0%,0,0,0,0%,0,0,0,0%,2023
Georgia,70,154,47,44,149,94%,46,43,148,93%,1,1,1,100%,2023
Germany,595,"1,111","20,741","14,881","29,301",72%,"19,980","14,298","27,872",72%,761,583,"1,429",77%,2023
Ghana,29,50,11,4,20,36%,2,0,2,0%,9,4,18,44%,2023
Gibraltar,0,0,0,0,0,0%,0,0,0,0%,0,0,0,0%,2023
Greece,279,404,836,560,"1,264",67%,752,483,"1,148",64%,84,77,116,92%,2023
Greenland,0,0,0,0,0,0%,0,0,0,0%,0,0,0,0%,2023
Grenada,1,1,2,0,2,0%,0,0,0,0%,2,0,2,0%,2023
Guadeloupe,0,0,0,0,0,0%,0,0,0,0%,0,0,0,0%,2023
Guam,0,0,0,0,0,0%,0,0,0,0%,0,0,0,0%,2023
Guatemala,582,962,720,411,"1,205",57%,425,154,710,36%,295,257,495,87%,2023
Guernsey,0,0,0,0,0,0%,0,0,0,0%,0,0,0,0%,2023
Guinea,0,0,0,0,0,0%,0,0,0,0%,0,0,0,0%,2023
Guinea-Bissau,0,0,0,0,0,0%,0,0,0,0%,0,0,0,0%,2023
Guyana,27,28,20,5,20,25%,2,0,2,0%,18,5,18,28%,2023
Haiti,1,1,0,0,0,0%,0,0,0,0%,0,0,0,0%,2023
Heard Island and McDonald Islands,0,0,0,0,0,0%,0,0,0,0%,0,0,0,0%,2023
Honduras,53,96,6,0,7,0%,6,0,7,0%,0,0,0,0%,2023
Hong Kong,11,11,41,0,49,0%,38,0,41,0%,3,0,8,0%,2023
Hungary,43,52,"1,033",523,"1,413",51%,"1,020",516,"1,399",51%,13,7,14,54%,2023
Iceland,13,23,2,1,2,50%,1,0,1,0%,1,1,1,100%,2023
India,"9,392","14,664","70,612","48,525","119,049",69%,"63,586","43,572","103,548",69%,"7,026","4,953","15,501",70%,2023
Indonesia,11,11,198,148,590,75%,191,145,579,76%,7,3,11,43%,2023
Iran,0,0,1,0,1,0%,1,0,1,0%,0,0,0,0%,2023
Iraq,8,8,17,0,30,0%,11,0,18,0%,6,0,12,0%,2023
Ireland,669,963,376,280,442,74%,365,273,433,75%,11,7,9,64%,2023
Isle Of Man,0,0,0,0,0,0%,0,0,0,0%,0,0,0,0%,2023
Israel,527,608,"1,088",849,"3,034",78%,391,361,664,92%,697,488,"2,370",70%,2023
Italy,"1,569","2,314","2,597","1,713","4,134",66%,"2,534","1,673","4,001",66%,63,40,133,63%,2023
Ivory Coast,1,2,1,1,1,100%,1,1,1,100%,0,0,0,0%,2023
Jamaica,0,0,5,0,5,0%,4,0,5,0%,1,0,0,0%,2023
Japan,30,40,344,237,445,69%,27,1,19,4%,317,236,426,74%,2023
Jersey,0,0,0,0,0,0%,0,0,0,0%,0,0,0,0%,2023
Jordan,9,9,954,316,"1,247",33%,851,291,"1,109",34%,103,25,138,24%,2023
Kazakhstan,3,3,1,0,1,0%,1,0,1,0%,0,0,0,0%,2023
Kenya,22,42,7,1,8,14%,6,1,7,17%,1,0,1,0%,2023
Kiribati,0,0,0,0,0,0%,0,0,0,0%,0,0,0,0%,2023
Kosovo,1,1,29,12,42,41%,23,7,33,30%,6,5,9,83%,2023
Kuwait,7,8,10,0,14,0%,7,0,8,0%,3,0,6,0%,2023
Kyrgyzstan,0,0,0,0,0,0%,0,0,0,0%,0,0,0,0%,2023
Laos,0,0,0,0,0,0%,0,0,0,0%,0,0,0,0%,2023
Latvia,3,3,54,44,107,81%,53,43,106,81%,1,1,1,100%,2023
Lebanon,0,0,3,1,2,33%,1,0,1,0%,2,1,1,50%,2023
Lesotho,0,0,0,0,0,0%,0,0,0,0%,0,0,0,0%,2023
Liberia,0,0,0,0,0,0%,0,0,0,0%,0,0,0,0%,2023
Libya,6,6,3,0,3,0%,1,0,1,0%,2,0,2,0%,2023
Liechtenstein,0,0,2,1,3,50%,2,1,3,50%,0,0,0,0%,2023
Lithuania,56,78,220,201,288,91%,217,198,284,91%,3,3,4,100%,2023
Luxembourg,66,80,26,13,36,50%,25,12,35,48%,1,1,1,100%,2023
Macau,0,0,5,3,4,60%,1,1,1,100%,4,2,3,50%,2023
Macedonia,7,8,81,34,118,42%,81,34,118,42%,0,0,0,0%,2023
Madagascar,0,0,0,0,0,0%,0,0,0,0%,0,0,0,0%,2023
Malawi,0,0,0,0,0,0%,0,0,0,0%,0,0,0,0%,2023
Malaysia,8,14,62,54,210,87%,54,51,201,94%,8,3,9,38%,2023
Maldives,13,13,17,13,18,76%,15,12,16,80%,2,1,2,50%,2023
Mali,1,1,1,0,1,0%,0,0,0,0%,1,0,1,0%,2023
Malta,5,7,337,272,475,81%,331,267,469,81%,6,5,6,83%,2023
Marshall Islands,0,0,0,0,0,0%,0,0,0,0%,0,0,0,0%,2023
Martinique,0,0,0,0,0,0%,0,0,0,0%,0,0,0,0%,2023
Mauritania,0,0,0,0,0,0%,0,0,0,0%,0,0,0,0%,2023
Mauritius,1,1,4,1,10,25%,0,0,0,0%,4,1,10,25%,2023
Mayotte,0,0,0,0,0,0%,0,0,0,0%,0,0,0,0%,2023
Mexico,"2,687","5,206","4,712","2,657","8,509",56%,"3,390","1,747","5,837",52%,"1,322",910,"2,672",69%,2023
Moldova,4,5,18,7,23,39%,17,7,22,41%,1,0,1,0%,2023
Monaco,0,0,8,2,8,25%,6,2,6,33%,2,0,2,0%,2023
Mongolia,0,0,0,0,0,0%,0,0,0,0%,0,0,0,0%,2023
Montenegro,11,11,54,31,89,57%,52,30,87,58%,2,1,2,50%,2023
Montserrat,0,0,0,0,0,0%,0,0,0,0%,0,0,0,0%,2023
Morocco,0,0,515,204,561,40%,510,203,543,40%,5,1,18,20%,2023
Mozambique,0,0,0,0,0,0%,0,0,0,0%,0,0,0,0%,2023
Myanmar,0,0,0,0,0,0%,0,0,0,0%,0,0,0,0%,2023
Namibia,0,0,2,0,2,0%,1,0,1,0%,1,0,1,0%,2023
Nauru,0,0,0,0,0,0%,0,0,0,0%,0,0,0,0%,2023
Nepal,15,17,902,639,"1,079",71%,839,594,"1,006",71%,63,45,73,71%,2023
Netherlands,44,82,710,602,"1,136",85%,611,519,"1,007",85%,99,83,129,84%,2023
Netherlands Antilles,0,0,0,0,0,0%,0,0,0,0%,0,0,0,0%,2023
New Caledonia,0,0,0,0,0,0%,0,0,0,0%,0,0,0,0%,2023
New Zealand,370,693,234,193,389,82%,129,103,202,80%,105,90,187,86%,2023
Nicaragua,0,0,1,0,1,0%,0,0,0,0%,1,0,1,0%,2023
Niger,0,0,1,0,1,0%,1,0,1,0%,0,0,0,0%,2023
Nigeria,3,4,19,12,66,63%,14,10,33,71%,5,2,33,40%,2023
Niue,0,0,0,0,0,0%,0,0,0,0%,0,0,0,0%,2023
Norfolk Island,0,0,0,0,0,0%,0,0,0,0%,0,0,0,0%,2023
North Korea,0,0,0,0,0,0%,0,0,0,0%,0,0,0,0%,2023
Northern Mariana Islands,0,0,0,0,0,0%,0,0,0,0%,0,0,0,0%,2023
Norway,66,121,41,25,66,61%,28,15,43,54%,13,10,23,77%,2023
Oman,0,0,0,0,0,0%,0,0,0,0%,0,0,0,0%,2023
Pakistan,435,569,"1,407","1,095","1,639",78%,"1,359","1,069","1,578",79%,48,26,61,54%,2023
Palau,0,0,0,0,0,0%,0,0,0,0%,0,0,0,0%,2023
Palestine,5,5,9,0,7,0%,6,0,5,0%,3,0,2,0%,2023
Panama,141,284,35,15,78,43%,24,10,59,42%,11,5,19,45%,2023
Papua New Guinea,0,0,0,0,0,0%,0,0,0,0%,0,0,0,0%,2023
Paraguay,56,96,70,23,97,33%,34,3,46,9%,36,20,51,56%,2023
Peru,"1,462","1,957",333,143,629,43%,198,85,415,43%,135,58,214,43%,2023
Philippines,168,265,62,33,79,53%,25,12,40,48%,37,21,39,57%,2023
Pitcairn,0,0,0,0,0,0%,0,0,0,0%,0,0,0,0%,2023
Poland,708,914,"6,910","4,717","8,711",68%,"6,745","4,582","8,521",68%,165,135,190,82%,2023
Portugal,216,243,"1,368",664,"1,691",49%,"1,362",658,"1,683",48%,6,6,8,100%,2023
Puerto Rico,0,0,0,0,0,0%,0,0,0,0%,0,0,0,0%,2023
Qatar,3,6,2,0,2,0%,1,0,1,0%,1,0,1,0%,2023
Republic of the Congo,0,0,0,0,0,0%,0,0,0,0%,0,0,0,0%,2023
Reunion,0,0,0,0,0,0%,0,0,0,0%,0,0,0,0%,2023
Romania,49,100,431,271,783,63%,376,236,677,63%,55,35,106,64%,2023
Russia,1,1,1,0,2,0%,1,0,2,0%,0,0,0,0%,2023
Rwanda,0,0,0,0,0,0%,0,0,0,0%,0,0,0,0%,2023
Saint Barthelemy,0,0,0,0,0,0%,0,0,0,0%,0,0,0,0%,2023
Saint Helena,0,0,0,0,0,0%,0,0,0,0%,0,0,0,0%,2023
Saint Kitts and Nevis,0,0,0,0,0,0%,0,0,0,0%,0,0,0,0%,2023
Saint Martin,0,0,1,0,1,0%,1,0,1,0%,0,0,0,0%,2023
Saint Pierre and Miquelon,0,0,0,0,0,0%,0,0,0,0%,0,0,0,0%,2023
Saint Vincent and the Grenadines,0,0,0,0,0,0%,0,0,0,0%,0,0,0,0%,2023
Samoa,2,2,1,0,3,0%,1,0,3,0%,0,0,0,0%,2023
San Marino,1,1,2,1,2,50%,2,1,2,50%,0,0,0,0%,2023
Sao Tome and Principe,0,0,1,0,1,0%,1,0,1,0%,0,0,0,0%,2023
Saudi Arabia,0,0,0,0,0,0%,0,0,0,0%,0,0,0,0%,2023
Senegal,1,1,3,2,3,67%,0,0,0,0%,3,2,3,67%,2023
Serbia,28,54,206,143,355,69%,167,125,308,75%,39,18,47,46%,2023
Seychelles,0,0,1,1,1,100%,1,1,1,100%,0,0,0,0%,2023
Sierra Leone,0,0,1,0,0,0%,0,0,0,0%,1,0,0,0%,2023
Singapore,227,679,693,575,"1,323",83%,671,559,"1,296",83%,22,16,27,73%,2023
Sint Maarten,0,0,0,0,0,0%,0,0,0,0%,0,0,0,0%,2023
Slovakia,1,1,9,3,12,33%,6,0,8,0%,3,3,4,100%,2023
Slovenia,68,86,26,17,129,65%,23,15,126,65%,3,2,3,67%,2023
Solomon Islands,0,0,1,0,1,0%,1,0,1,0%,0,0,0,0%,2023
Somalia,0,0,0,0,0,0%,0,0,0,0%,0,0,0,0%,2023
South Africa,5,5,16,9,23,56%,10,5,16,50%,6,4,7,67%,2023
South Georgia and the South Sandwich Islands,0,0,0,0,0,0%,0,0,0,0%,0,0,0,0%,2023
South Korea,"1,196","1,601","1,468","1,210","1,932",82%,"1,113",919,"1,459",83%,355,291,473,82%,2023
South Sudan,0,0,0,0,0,0%,0,0,0,0%,0,0,0,0%,2023
Spain,314,484,"2,935","1,883","4,916",64%,"2,926","1,877","4,906",64%,9,6,10,67%,2023
Sri Lanka,13,14,111,23,218,21%,101,20,198,20%,10,3,20,30%,2023
St. Lucia,0,0,0,0,0,0%,0,0,0,0%,0,0,0,0%,2023
Sudan,0,0,1,0,1,0%,1,0,1,0%,0,0,0,0%,2023
Suriname,0,0,0,0,0,0%,0,0,0,0%,0,0,0,0%,2023
Svalbard and Jan Mayen,0,0,0,0,0,0%,0,0,0,0%,0,0,0,0%,2023
Swaziland,0,0,1,0,1,0%,1,0,1,0%,0,0,0,0%,2023
Sweden,31,52,619,510,"1,005",82%,576,475,932,82%,43,35,73,81%,2023
Switzerland,97,113,707,510,972,72%,616,440,809,71%,91,70,163,77%,2023
Syria,0,0,0,0,0,0%,0,0,0,0%,0,0,0,0%,2023
Taiwan,47,64,"3,477","2,898","4,717",83%,"3,423","2,865","4,632",84%,54,33,85,61%,2023
Tajikistan,0,0,0,0,0,0%,0,0,0,0%,0,0,0,0%,2023
Tanzania,0,0,0,0,0,0%,0,0,0,0%,0,0,0,0%,2023
Thailand,66,78,449,249,530,55%,431,242,499,56%,18,7,31,39%,2023
The Bahamas,1,1,0,0,0,0%,0,0,0,0%,0,0,0,0%,2023
The Gambia,0,0,0,0,0,0%,0,0,0,0%,0,0,0,0%,2023
Timor-Leste,0,0,0,0,0,0%,0,0,0,0%,0,0,0,0%,2023
Togo,0,0,0,0,0,0%,0,0,0,0%,0,0,0,0%,2023
Tokelau,0,0,0,0,0,0%,0,0,0,0%,0,0,0,0%,2023
Tonga,8,8,0,0,0,0%,0,0,0,0%,0,0,0,0%,2023
Trinidad and Tobago,3,5,0,0,0,0%,0,0,0,0%,0,0,0,0%,2023
Tunisia,0,0,20,0,25,0%,16,0,19,0%,4,0,6,0%,2023
Turkey,29,34,"4,288","3,316","4,593",77%,"4,260","3,301","4,560",77%,28,15,33,54%,2023
Turkmenistan,0,0,0,0,0,0%,0,0,0,0%,0,0,0,0%,2023
Turks and Caicos Islands,0,0,0,0,0,0%,0,0,0,0%,0,0,0,0%,2023
Tuvalu,0,0,0,0,0,0%,0,0,0,0%,0,0,0,0%,2023
Uganda,0,0,0,0,0,0%,0,0,0,0%,0,0,0,0%,2023
Ukraine,1,1,25,9,37,36%,15,3,27,20%,10,6,10,60%,2023
United Arab Emirates,2,2,37,8,45,22%,22,0,29,0%,15,8,16,53%,2023
United Kingdom,367,498,"9,787","8,599","12,122",88%,"9,712","8,537","12,039",88%,75,62,83,83%,2023
United States,"84,883","143,178","73,956","64,962","125,053",88%,"69,761","61,708","118,935",88%,"4,195","3,254","6,118",78%,2023
United States Minor Outlying Islands,0,0,0,0,0,0%,0,0,0,0%,0,0,0,0%,2023
Uruguay,206,331,64,34,84,53%,31,18,44,58%,33,16,40,48%,2023
US Virgin Islands,0,0,0,0,0,0%,0,0,0,0%,0,0,0,0%,2023
Uzbekistan,0,0,0,0,0,0%,0,0,0,0%,0,0,0,0%,2023
Vanuatu,0,0,0,0,0,0%,0,0,0,0%,0,0,0,0%,2023
Vatican City,2,2,0,0,0,0%,0,0,0,0%,0,0,0,0%,2023
Venezuela,1,1,3,0,3,0%,1,0,1,0%,2,0,2,0%,2023
Vietnam,1,1,15,7,20,47%,7,0,9,0%,8,7,11,88%,2023
Wallis and Futuna,0,0,0,0,0,0%,0,0,0,0%,0,0,0,0%,2023
Western Sahara,0,0,0,0,0,0%,0,0,0,0%,0,0,0,0%,2023
Yemen,2,2,0,0,0,0%,0,0,0,0%,0,0,0,0%,2023
Zambia,5,5,0,0,0,0%,0,0,0,0%,0,0,0,0%,2023
Zimbabwe,0,0,0,0,0,0%,0,0,0,0%,0,0,0,0%,2023
Afghanistan,2.0,2.0,0.0,0.0,0.0,0%,0.0,0.0,0.0,0%,0.0,0.0,0.0,0%,2024
Aland Islands,0.0,0.0,0.0,0.0,0.0,0%,0.0,0.0,0.0,0%,0.0,0.0,0.0,0%,2024
Albania,91.0,123.0,30.0,23.0,51.0,77%,26.0,21.0,44.0,81%,4.0,2.0,7.0,50%,2024
Algeria,0.0,0.0,28.0,5.0,33.0,18%,16.0,0.0,15.0,0%,12.0,5.0,18.0,42%,2024
American Samoa,0.0,0.0,0.0,0.0,0.0,0%,0.0,0.0,0.0,0%,0.0,0.0,0.0,0%,2024
Andorra,3.0,4.0,3.0,1.0,3.0,33%,3.0,1.0,3.0,33%,0.0,0.0,0.0,0%,2024
Angola,0.0,0.0,0.0,0.0,0.0,0%,0.0,0.0,0.0,0%,0.0,0.0,0.0,0%,2024
Anguilla,0.0,0.0,0.0,0.0,0.0,0%,0.0,0.0,0.0,0%,0.0,0.0,0.0,0%,2024
Antarctica,0.0,0.0,0.0,0.0,0.0,0%,0.0,0.0,0.0,0%,0.0,0.0,0.0,0%,2024
Antigua,0.0,0.0,0.0,0.0,0.0,0%,0.0,0.0,0.0,0%,0.0,0.0,0.0,0%,2024
Argentina,6760.0,9769.0,4058.0,2735.0,6145.0,67%,3648.0,2474.0,5513.0,68%,410.0,261.0,632.0,64%,2024
Armenia,38.0,53.0,5.0,3.0,6.0,60%,5.0,3.0,6.0,60%,0.0,0.0,0.0,0%,2024
Aruba,0.0,0.0,0.0,0.0,0.0,0%,0.0,0.0,0.0,0%,0.0,0.0,0.0,0%,2024
Australia,522.0,744.0,2762.0,2266.0,3297.0,82%,2507.0,2056.0,2895.0,82%,255.0,210.0,402.0,82%,2024
Austria,1555.0,1927.0,1589.0,1397.0,2037.0,88%,1558.0,1376.0,1977.0,88%,31.0,21.0,60.0,68%,2024
Azerbaijan,3.0,3.0,15.0,6.0,50.0,40%,7.0,1.0,11.0,14%,8.0,5.0,39.0,62%,2024
Bahrain,0.0,0.0,0.0,0.0,0.0,0%,0.0,0.0,0.0,0%,0.0,0.0,0.0,0%,2024
Bangladesh,28.0,40.0,988.0,664.0,1454.0,67%,956.0,662.0,1419.0,69%,32.0,2.0,35.0,6%,2024
Barbados,0.0,0.0,0.0,0.0,0.0,0%,0.0,0.0,0.0,0%,0.0,0.0,0.0,0%,2024
Belarus,0.0,0.0,0.0,0.0,0.0,0%,0.0,0.0,0.0,0%,0.0,0.0,0.0,0%,2024
Belgium,47.0,66.0,1237.0,973.0,2135.0,79%,1198.0,940.0,1974.0,78%,39.0,33.0,161.0,85%,2024
Belize,2.0,2.0,2.0,2.0,2.0,100%,0.0,0.0,0.0,0%,2.0,2.0,2.0,100%,2024
Benin,0.0,0.0,0.0,0.0,0.0,0%,0.0,0.0,0.0,0%,0.0,0.0,0.0,0%,2024
Bermuda,0.0,0.0,0.0,0.0,0.0,0%,0.0,0.0,0.0,0%,0.0,0.0,0.0,0%,2024
Bhutan,0.0,0.0,1.0,1.0,1.0,100%,0.0,0.0,0.0,0%,1.0,1.0,1.0,100%,2024
Bolivia,12.0,18.0,20.0,2.0,28.0,10%,16.0,0.0,24.0,0%,4.0,2.0,4.0,50%,2024
"Bonaire, Sint Eustatius and Saba",0.0,0.0,0.0,0.0,0.0,0%,0.0,0.0,0.0,0%,0.0,0.0,0.0,0%,2024
Bosnia and Herzegovina,123.0,209.0,69.0,55.0,115.0,80%,65.0,53.0,111.0,82%,4.0,2.0,4.0,50%,2024
Botswana,2.0,2.0,0.0,0.0,0.0,0%,0.0,0.0,0.0,0%,0.0,0.0,0.0,0%,2024
Bouvet Island,0.0,0.0,0.0,0.0,0.0,0%,0.0,0.0,0.0,0%,0.0,0.0,0.0,0%,2024
Brazil,13786.0,27429.0,23810.0,19099.0,77295.0,80%,20521.0,16576.0,71611.0,81%,3289.0,2523.0,5684.0,77%,2024
British Indian Ocean Territory,0.0,0.0,0.0,0.0,0.0,0%,0.0,0.0,0.0,0%,0.0,0.0,0.0,0%,2024
British Virgin Islands,0.0,0.0,0.0,0.0,0.0,0%,0.0,0.0,0.0,0%,0.0,0.0,0.0,0%,2024
Brunei,1.0,1.0,0.0,0.0,0.0,0%,0.0,0.0,0.0,0%,0.0,0.0,0.0,0%,2024
Bulgaria,51.0,72.0,113.0,97.0,188.0,86%,112.0,97.0,187.0,87%,1.0,0.0,1.0,0%,2024
Burkina Faso,0.0,0.0,0.0,0.0,0.0,0%,0.0,0.0,0.0,0%,0.0,0.0,0.0,0%,2024
Burundi,0.0,0.0,0.0,0.0,0.0,0%,0.0,0.0,0.0,0%,0.0,0.0,0.0,0%,2024
Cambodia,0.0,0.0,0.0,0.0,0.0,0%,0.0,0.0,0.0,0%,0.0,0.0,0.0,0%,2024
Cameroon,1.0,1.0,6.0,0.0,17.0,0%,6.0,0.0,17.0,0%,0.0,0.0,0.0,0%,2024
Canada,2365.0,3469.0,3139.0,2608.0,4424.0,83%,1197.0,989.0,1618.0,83%,1942.0,1619.0,2806.0,83%,2024
Cape Verde,8.0,13.0,0.0,0.0,0.0,0%,0.0,0.0,0.0,0%,0.0,0.0,0.0,0%,2024
Cayman Islands,0.0,0.0,0.0,0.0,0.0,0%,0.0,0.0,0.0,0%,0.0,0.0,0.0,0%,2024
Central African Republic,0.0,0.0,0.0,0.0,0.0,0%,0.0,0.0,0.0,0%,0.0,0.0,0.0,0%,2024
Chad,0.0,0.0,0.0,0.0,0.0,0%,0.0,0.0,0.0,0%,0.0,0.0,0.0,0%,2024
Chile,528.0,978.0,302.0,111.0,617.0,37%,240.0,77.0,500.0,32%,62.0,34.0,117.0,55%,2024
China,0.0,0.0,0.0,0.0,0.0,0%,0.0,0.0,0.0,0%,0.0,0.0,0.0,0%,2024
Christmas Island,0.0,0.0,0.0,0.0,0.0,0%,0.0,0.0,0.0,0%,0.0,0.0,0.0,0%,2024
Cocos (Keeling) Islands,0.0,0.0,0.0,0.0,0.0,0%,0.0,0.0,0.0,0%,0.0,0.0,0.0,0%,2024
Colombia,1157.0,2222.0,1822.0,1388.0,5799.0,76%,473.0,247.0,1125.0,52%,1349.0,1141.0,4674.0,85%,2024
Comoros,0.0,0.0,0.0,0.0,0.0,0%,0.0,0.0,0.0,0%,0.0,0.0,0.0,0%,2024
Cook Islands,0.0,0.0,0.0,0.0,0.0,0%,0.0,0.0,0.0,0%,0.0,0.0,0.0,0%,2024
Costa Rica,88.0,146.0,49.0,26.0,65.0,53%,9.0,0.0,14.0,0%,40.0,26.0,51.0,65%,2024
Croatia,5.0,5.0,105.0,84.0,205.0,80%,101.0,81.0,200.0,80%,4.0,3.0,5.0,75%,2024
Cuba,16.0,54.0,0.0,0.0,0.0,0%,0.0,0.0,0.0,0%,0.0,0.0,0.0,0%,2024
Curacao,0.0,0.0,0.0,0.0,0.0,0%,0.0,0.0,0.0,0%,0.0,0.0,0.0,0%,2024
Cyprus,12.0,31.0,7.0,5.0,17.0,71%,1.0,0.0,5.0,0%,6.0,5.0,12.0,83%,2024
Czech Republic,38.0,46.0,839.0,648.0,1255.0,77%,823.0,635.0,1232.0,77%,16.0,13.0,23.0,81%,2024
Democratic Republic of the Congo,2.0,3.0,0.0,0.0,0.0,0%,0.0,0.0,0.0,0%,0.0,0.0,0.0,0%,2024
Denmark,399.0,486.0,154.0,115.0,322.0,75%,150.0,113.0,316.0,75%,4.0,2.0,6.0,50%,2024
Djibouti,0.0,0.0,0.0,0.0,0.0,0%,0.0,0.0,0.0,0%,0.0,0.0,0.0,0%,2024
Dominica,0.0,0.0,0.0,0.0,0.0,0%,0.0,0.0,0.0,0%,0.0,0.0,0.0,0%,2024
Dominican Republic,118.0,152.0,82.0,38.0,109.0,46%,72.0,31.0,89.0,43%,10.0,7.0,20.0,70%,2024
Ecuador,191.0,293.0,794.0,592.0,1797.0,75%,199.0,57.0,322.0,29%,595.0,535.0,1475.0,90%,2024
Egypt,2.0,2.0,7.0,3.0,10.0,43%,0.0,0.0,0.0,0%,7.0,3.0,10.0,43%,2024
El Salvador,24.0,34.0,8.0,1.0,12.0,12%,5.0,0.0,8.0,0%,3.0,1.0,4.0,33%,2024
Equatorial Guinea,0.0,0.0,0.0,0.0,0.0,0%,0.0,0.0,0.0,0%,0.0,0.0,0.0,0%,2024
Eritrea,0.0,0.0,0.0,0.0,0.0,0%,0.0,0.0,0.0,0%,0.0,0.0,0.0,0%,2024
Estonia,7.0,7.0,62.0,48.0,90.0,77%,56.0,43.0,80.0,77%,6.0,5.0,10.0,83%,2024
Ethiopia,0.0,0.0,0.0,0.0,0.0,0%,0.0,0.0,0.0,0%,0.0,0.0,0.0,0%,2024
Falkland Islands,0.0,0.0,0.0,0.0,0.0,0%,0.0,0.0,0.0,0%,0.0,0.0,0.0,0%,2024
Faroe Islands,0.0,0.0,0.0,0.0,0.0,0%,0.0,0.0,0.0,0%,0.0,0.0,0.0,0%,2024
Federated States of Micronesia,0.0,0.0,0.0,0.0,0.0,0%,0.0,0.0,0.0,0%,0.0,0.0,0.0,0%,2024
Fiji,1.0,1.0,2.0,0.0,2.0,0%,1.0,0.0,1.0,0%,1.0,0.0,1.0,0%,2024
Finland,111.0,232.0,279.0,236.0,444.0,85%,254.0,212.0,400.0,83%,25.0,24.0,44.0,96%,2024
France,207.0,294.0,12022.0,10122.0,13821.0,84%,5859.0,4116.0,7603.0,70%,6163.0,6006.0,6218.0,97%,2024
French Guiana,0.0,0.0,0.0,0.0,0.0,0%,0.0,0.0,0.0,0%,0.0,0.0,0.0,0%,2024
French Polynesia,0.0,0.0,0.0,0.0,0.0,0%,0.0,0.0,0.0,0%,0.0,0.0,0.0,0%,2024
French Southern Territories,0.0,0.0,0.0,0.0,0.0,0%,0.0,0.0,0.0,0%,0.0,0.0,0.0,0%,2024
Gabon,0.0,0.0,0.0,0.0,0.0,0%,0.0,0.0,0.0,0%,0.0,0.0,0.0,0%,2024
Georgia,70.0,154.0,47.0,44.0,149.0,94%,46.0,43.0,148.0,93%,1.0,1.0,1.0,100%,2024
Germany,595.0,1111.0,20741.0,14881.0,29301.0,72%,19980.0,14298.0,27872.0,72%,761.0,583.0,1429.0,77%,2024
Ghana,29.0,50.0,11.0,4.0,20.0,36%,2.0,0.0,2.0,0%,9.0,4.0,18.0,44%,2024
Gibraltar,0.0,0.0,0.0,0.0,0.0,0%,0.0,0.0,0.0,0%,0.0,0.0,0.0,0%,2024
Greece,279.0,404.0,836.0,560.0,1264.0,67%,752.0,483.0,1148.0,64%,84.0,77.0,116.0,92%,2024
Greenland,0.0,0.0,0.0,0.0,0.0,0%,0.0,0.0,0.0,0%,0.0,0.0,0.0,0%,2024
Grenada,1.0,1.0,2.0,0.0,2.0,0%,0.0,0.0,0.0,0%,2.0,0.0,2.0,0%,2024
Guadeloupe,0.0,0.0,0.0,0.0,0.0,0%,0.0,0.0,0.0,0%,0.0,0.0,0.0,0%,2024
Guam,0.0,0.0,0.0,0.0,0.0,0%,0.0,0.0,0.0,0%,0.0,0.0,0.0,0%,2024
Guatemala,582.0,962.0,720.0,411.0,1205.0,57%,425.0,154.0,710.0,36%,295.0,257.0,495.0,87%,2024
Guernsey,0.0,0.0,0.0,0.0,0.0,0%,0.0,0.0,0.0,0%,0.0,0.0,0.0,0%,2024
Guinea,0.0,0.0,0.0,0.0,0.0,0%,0.0,0.0,0.0,0%,0.0,0.0,0.0,0%,2024
Guinea-Bissau,0.0,0.0,0.0,0.0,0.0,0%,0.0,0.0,0.0,0%,0.0,0.0,0.0,0%,2024
Guyana,27.0,28.0,20.0,5.0,20.0,25%,2.0,0.0,2.0,0%,18.0,5.0,18.0,28%,2024
Haiti,1.0,1.0,0.0,0.0,0.0,0%,0.0,0.0,0.0,0%,0.0,0.0,0.0,0%,2024
Heard Island and McDonald Islands,0.0,0.0,0.0,0.0,0.0,0%,0.0,0.0,0.0,0%,0.0,0.0,0.0,0%,2024
Honduras,53.0,96.0,6.0,0.0,7.0,0%,6.0,0.0,7.0,0%,0.0,0.0,0.0,0%,2024
Hong Kong,11.0,11.0,41.0,0.0,49.0,0%,38.0,0.0,41.0,0%,3.0,0.0,8.0,0%,2024
Hungary,43.0,52.0,1033.0,523.0,1413.0,51%,1020.0,516.0,1399.0,51%,13.0,7.0,14.0,54%,2024
Iceland,13.0,23.0,2.0,1.0,2.0,50%,1.0,0.0,1.0,0%,1.0,1.0,1.0,100%,2024
India,9392.0,14664.0,70612.0,48525.0,119049.0,69%,63586.0,43572.0,103548.0,69%,7026.0,4953.0,15501.0,70%,2024
Indonesia,11.0,11.0,198.0,148.0,590.0,75%,191.0,145.0,579.0,76%,7.0,3.0,11.0,43%,2024
Iran,0.0,0.0,1.0,0.0,1.0,0%,1.0,0.0,1.0,0%,0.0,0.0,0.0,0%,2024
Iraq,8.0,8.0,17.0,0.0,30.0,0%,11.0,0.0,18.0,0%,6.0,0.0,12.0,0%,2024
Ireland,669.0,963.0,376.0,280.0,442.0,74%,365.0,273.0,433.0,75%,11.0,7.0,9.0,64%,2024
Isle Of Man,0.0,0.0,0.0,0.0,0.0,0%,0.0,0.0,0.0,0%,0.0,0.0,0.0,0%,2024
Israel,527.0,608.0,1088.0,849.0,3034.0,78%,391.0,361.0,664.0,92%,697.0,488.0,2370.0,70%,2024
Italy,1569.0,2314.0,2597.0,1713.0,4134.0,66%,2534.0,1673.0,4001.0,66%,63.0,40.0,133.0,63%,2024
Ivory Coast,1.0,2.0,1.0,1.0,1.0,100%,1.0,1.0,1.0,100%,0.0,0.0,0.0,0%,2024
Jamaica,0.0,0.0,5.0,0.0,5.0,0%,4.0,0.0,5.0,0%,1.0,0.0,0.0,0%,2024
Japan,30.0,40.0,344.0,237.0,445.0,69%,27.0,1.0,19.0,4%,317.0,236.0,426.0,74%,2024
Jersey,0.0,0.0,0.0,0.0,0.0,0%,0.0,0.0,0.0,0%,0.0,0.0,0.0,0%,2024
Jordan,9.0,9.0,954.0,316.0,1247.0,33%,851.0,291.0,1109.0,34%,103.0,25.0,138.0,24%,2024
Kazakhstan,3.0,3.0,1.0,0.0,1.0,0%,1.0,0.0,1.0,0%,0.0,0.0,0.0,0%,2024
Kenya,22.0,42.0,7.0,1.0,8.0,14%,6.0,1.0,7.0,17%,1.0,0.0,1.0,0%,2024
Kiribati,0.0,0.0,0.0,0.0,0.0,0%,0.0,0.0,0.0,0%,0.0,0.0,0.0,0%,2024
Kosovo,1.0,1.0,29.0,12.0,42.0,41%,23.0,7.0,33.0,30%,6.0,5.0,9.0,83%,2024
Kuwait,7.0,8.0,10.0,0.0,14.0,0%,7.0,0.0,8.0,0%,3.0,0.0,6.0,0%,2024
Kyrgyzstan,0.0,0.0,0.0,0.0,0.0,0%,0.0,0.0,0.0,0%,0.0,0.0,0.0,0%,2024
Laos,0.0,0.0,0.0,0.0,0.0,0%,0.0,0.0,0.0,0%,0.0,0.0,0.0,0%,2024
Latvia,3.0,3.0,54.0,44.0,107.0,81%,53.0,43.0,106.0,81%,1.0,1.0,1.0,100%,2024
Lebanon,0.0,0.0,3.0,1.0,2.0,33%,1.0,0.0,1.0,0%,2.0,1.0,1.0,50%,2024
Lesotho,0.0,0.0,0.0,0.0,0.0,0%,0.0,0.0,0.0,0%,0.0,0.0,0.0,0%,2024
Liberia,0.0,0.0,0.0,0.0,0.0,0%,0.0,0.0,0.0,0%,0.0,0.0,0.0,0%,2024
Libya,6.0,6.0,3.0,0.0,3.0,0%,1.0,0.0,1.0,0%,2.0,0.0,2.0,0%,2024
Liechtenstein,0.0,0.0,2.0,1.0,3.0,50%,2.0,1.0,3.0,50%,0.0,0.0,0.0,0%,2024
Lithuania,56.0,78.0,220.0,201.0,288.0,91%,217.0,198.0,284.0,91%,3.0,3.0,4.0,100%,2024
Luxembourg,66.0,80.0,26.0,13.0,36.0,50%,25.0,12.0,35.0,48%,1.0,1.0,1.0,100%,2024
Macau,0.0,0.0,5.0,3.0,4.0,60%,1.0,1.0,1.0,100%,4.0,2.0,3.0,50%,2024
Macedonia,7.0,8.0,81.0,34.0,118.0,42%,81.0,34.0,118.0,42%,0.0,0.0,0.0,0%,2024
Madagascar,0.0,0.0,0.0,0.0,0.0,0%,0.0,0.0,0.0,0%,0.0,0.0,0.0,0%,2024
Malawi,0.0,0.0,0.0,0.0,0.0,0%,0.0,0.0,0.0,0%,0.0,0.0,0.0,0%,2024
Malaysia,8.0,14.0,62.0,54.0,210.0,87%,54.0,51.0,201.0,94%,8.0,3.0,9.0,38%,2024
Maldives,13.0,13.0,17.0,13.0,18.0,76%,15.0,12.0,16.0,80%,2.0,1.0,2.0,50%,2024
Mali,1.0,1.0,1.0,0.0,1.0,0%,0.0,0.0,0.0,0%,1.0,0.0,1.0,0%,2024
Malta,5.0,7.0,337.0,272.0,475.0,81%,331.0,267.0,469.0,81%,6.0,5.0,6.0,83%,2024
Marshall Islands,0.0,0.0,0.0,0.0,0.0,0%,0.0,0.0,0.0,0%,0.0,0.0,0.0,0%,2024
Martinique,0.0,0.0,0.0,0.0,0.0,0%,0.0,0.0,0.0,0%,0.0,0.0,0.0,0%,2024
Mauritania,0.0,0.0,0.0,0.0,0.0,0%,0.0,0.0,0.0,0%,0.0,0.0,0.0,0%,2024
Mauritius,1.0,1.0,4.0,1.0,10.0,25%,0.0,0.0,0.0,0%,4.0,1.0,10.0,25%,2024
Mayotte,0.0,0.0,0.0,0.0,0.0,0%,0.0,0.0,0.0,0%,0.0,0.0,0.0,0%,2024
Mexico,2687.0,5206.0,4712.0,2657.0,8509.0,56%,3390.0,1747.0,5837.0,52%,1322.0,910.0,2672.0,69%,2024
Moldova,4.0,5.0,18.0,7.0,23.0,39%,17.0,7.0,22.0,41%,1.0,0.0,1.0,0%,2024
Monaco,0.0,0.0,8.0,2.0,8.0,25%,6.0,2.0,6.0,33%,2.0,0.0,2.0,0%,2024
Mongolia,0.0,0.0,0.0,0.0,0.0,0%,0.0,0.0,0.0,0%,0.0,0.0,0.0,0%,2024
Montenegro,11.0,11.0,54.0,31.0,89.0,57%,52.0,30.0,87.0,58%,2.0,1.0,2.0,50%,2024
Montserrat,0.0,0.0,0.0,0.0,0.0,0%,0.0,0.0,0.0,0%,0.0,0.0,0.0,0%,2024
Morocco,0.0,0.0,515.0,204.0,561.0,40%,510.0,203.0,543.0,40%,5.0,1.0,18.0,20%,2024
Mozambique,0.0,0.0,0.0,0.0,0.0,0%,0.0,0.0,0.0,0%,0.0,0.0,0.0,0%,2024
Myanmar,0.0,0.0,0.0,0.0,0.0,0%,0.0,0.0,0.0,0%,0.0,0.0,0.0,0%,2024
Namibia,0.0,0.0,2.0,0.0,2.0,0%,1.0,0.0,1.0,0%,1.0,0.0,1.0,0%,2024
Nauru,0.0,0.0,0.0,0.0,0.0,0%,0.0,0.0,0.0,0%,0.0,0.0,0.0,0%,2024
Nepal,15.0,17.0,902.0,639.0,1079.0,71%,839.0,594.0,1006.0,71%,63.0,45.0,73.0,71%,2024
Netherlands,44.0,82.0,710.0,602.0,1136.0,85%,611.0,519.0,1007.0,85%,99.0,83.0,129.0,84%,2024
Netherlands Antilles,0.0,0.0,0.0,0.0,0.0,0%,0.0,0.0,0.0,0%,0.0,0.0,0.0,0%,2024
New Caledonia,0.0,0.0,0.0,0.0,0.0,0%,0.0,0.0,0.0,0%,0.0,0.0,0.0,0%,2024
New Zealand,370.0,693.0,234.0,193.0,389.0,82%,129.0,103.0,202.0,80%,105.0,90.0,187.0,86%,2024
Nicaragua,0.0,0.0,1.0,0.0,1.0,0%,0.0,0.0,0.0,0%,1.0,0.0,1.0,0%,2024
Niger,0.0,0.0,1.0,0.0,1.0,0%,1.0,0.0,1.0,0%,0.0,0.0,0.0,0%,2024
Nigeria,3.0,4.0,19.0,12.0,66.0,63%,14.0,10.0,33.0,71%,5.0,2.0,33.0,40%,2024
Niue,0.0,0.0,0.0,0.0,0.0,0%,0.0,0.0,0.0,0%,0.0,0.0,0.0,0%,2024
Norfolk Island,0.0,0.0,0.0,0.0,0.0,0%,0.0,0.0,0.0,0%,0.0,0.0,0.0,0%,2024
North Korea,0.0,0.0,0.0,0.0,0.0,0%,0.0,0.0,0.0,0%,0.0,0.0,0.0,0%,2024
Northern Mariana Islands,0.0,0.0,0.0,0.0,0.0,0%,0.0,0.0,0.0,0%,0.0,0.0,0.0,0%,2024
Norway,66.0,121.0,41.0,25.0,66.0,61%,28.0,15.0,43.0,54%,13.0,10.0,23.0,77%,2024
Oman,0.0,0.0,0.0,0.0,0.0,0%,0.0,0.0,0.0,0%,0.0,0.0,0.0,0%,2024
Pakistan,435.0,569.0,1407.0,1095.0,1639.0,78%,1359.0,1069.0,1578.0,79%,48.0,26.0,61.0,54%,2024
Palau,0.0,0.0,0.0,0.0,0.0,0%,0.0,0.0,0.0,0%,0.0,0.0,0.0,0%,2024
Palestine,5.0,5.0,9.0,0.0,7.0,0%,6.0,0.0,5.0,0%,3.0,0.0,2.0,0%,2024
Panama,141.0,284.0,35.0,15.0,78.0,43%,24.0,10.0,59.0,42%,11.0,5.0,19.0,45%,2024
Papua New Guinea,0.0,0.0,0.0,0.0,0.0,0%,0.0,0.0,0.0,0%,0.0,0.0,0.0,0%,2024
Paraguay,56.0,96.0,70.0,23.0,97.0,33%,34.0,3.0,46.0,9%,36.0,20.0,51.0,56%,2024
Peru,1462.0,1957.0,333.0,143.0,629.0,43%,198.0,85.0,415.0,43%,135.0,58.0,214.0,43%,2024
Philippines,168.0,265.0,62.0,33.0,79.0,53%,25.0,12.0,40.0,48%,37.0,21.0,39.0,57%,2024
Pitcairn,0.0,0.0,0.0,0.0,0.0,0%,0.0,0.0,0.0,0%,0.0,0.0,0.0,0%,2024
Poland,708.0,914.0,6910.0,4717.0,8711.0,68%,6745.0,4582.0,8521.0,68%,165.0,135.0,190.0,82%,2024
Portugal,216.0,243.0,1368.0,664.0,1691.0,49%,1362.0,658.0,1683.0,48%,6.0,6.0,8.0,100%,2024
Puerto Rico,0.0,0.0,0.0,0.0,0.0,0%,0.0,0.0,0.0,0%,0.0,0.0,0.0,0%,2024
Qatar,3.0,6.0,2.0,0.0,2.0,0%,1.0,0.0,1.0,0%,1.0,0.0,1.0,0%,2024
Republic of the Congo,0.0,0.0,0.0,0.0,0.0,0%,0.0,0.0,0.0,0%,0.0,0.0,0.0,0%,2024
Reunion,0.0,0.0,0.0,0.0,0.0,0%,0.0,0.0,0.0,0%,0.0,0.0,0.0,0%,2024
Romania,49.0,100.0,431.0,271.0,783.0,63%,376.0,236.0,677.0,63%,55.0,35.0,106.0,64%,2024
Russia,1.0,1.0,1.0,0.0,2.0,0%,1.0,0.0,2.0,0%,0.0,0.0,0.0,0%,2024
Rwanda,0.0,0.0,0.0,0.0,0.0,0%,0.0,0.0,0.0,0%,0.0,0.0,0.0,0%,2024
Saint Barthelemy,0.0,0.0,0.0,0.0,0.0,0%,0.0,0.0,0.0,0%,0.0,0.0,0.0,0%,2024
Saint Helena,0.0,0.0,0.0,0.0,0.0,0%,0.0,0.0,0.0,0%,0.0,0.0,0.0,0%,2024
Saint Kitts and Nevis,0.0,0.0,0.0,0.0,0.0,0%,0.0,0.0,0.0,0%,0.0,0.0,0.0,0%,2024
Saint Martin,0.0,0.0,1.0,0.0,1.0,0%,1.0,0.0,1.0,0%,0.0,0.0,0.0,0%,2024
Saint Pierre and Miquelon,0.0,0.0,0.0,0.0,0.0,0%,0.0,0.0,0.0,0%,0.0,0.0,0.0,0%,2024
Saint Vincent and the Grenadines,0.0,0.0,0.0,0.0,0.0,0%,0.0,0.0,0.0,0%,0.0,0.0,0.0,0%,2024
Samoa,2.0,2.0,1.0,0.0,3.0,0%,1.0,0.0,3.0,0%,0.0,0.0,0.0,0%,2024
San Marino,1.0,1.0,2.0,1.0,2.0,50%,2.0,1.0,2.0,50%,0.0,0.0,0.0,0%,2024
Sao Tome and Principe,0.0,0.0,1.0,0.0,1.0,0%,1.0,0.0,1.0,0%,0.0,0.0,0.0,0%,2024
Saudi Arabia,0.0,0.0,0.0,0.0,0.0,0%,0.0,0.0,0.0,0%,0.0,0.0,0.0,0%,2024
Senegal,1.0,1.0,3.0,2.0,3.0,67%,0.0,0.0,0.0,0%,3.0,2.0,3.0,67%,2024
Serbia,28.0,54.0,206.0,143.0,355.0,69%,167.0,125.0,308.0,75%,39.0,18.0,47.0,46%,2024
Seychelles,0.0,0.0,1.0,1.0,1.0,100%,1.0,1.0,1.0,100%,0.0,0.0,0.0,0%,2024
Sierra Leone,0.0,0.0,1.0,0.0,0.0,0%,0.0,0.0,0.0,0%,1.0,0.0,0.0,0%,2024
Singapore,227.0,679.0,693.0,575.0,1323.0,83%,671.0,559.0,1296.0,83%,22.0,16.0,27.0,73%,2024
Sint Maarten,0.0,0.0,0.0,0.0,0.0,0%,0.0,0.0,0.0,0%,0.0,0.0,0.0,0%,2024
Slovakia,1.0,1.0,9.0,3.0,12.0,33%,6.0,0.0,8.0,0%,3.0,3.0,4.0,100%,2024
Slovenia,68.0,86.0,26.0,17.0,129.0,65%,23.0,15.0,126.0,65%,3.0,2.0,3.0,67%,2024
Solomon Islands,0.0,0.0,1.0,0.0,1.0,0%,1.0,0.0,1.0,0%,0.0,0.0,0.0,0%,2024
Somalia,0.0,0.0,0.0,0.0,0.0,0%,0.0,0.0,0.0,0%,0.0,0.0,0.0,0%,2024
South Africa,5.0,5.0,16.0,9.0,23.0,56%,10.0,5.0,16.0,50%,6.0,4.0,7.0,67%,2024
South Georgia and the South Sandwich Islands,0.0,0.0,0.0,0.0,0.0,0%,0.0,0.0,0.0,0%,0.0,0.0,0.0,0%,2024
South Korea,1196.0,1601.0,1468.0,1210.0,1932.0,82%,1113.0,919.0,1459.0,83%,355.0,291.0,473.0,82%,2024
South Sudan,0.0,0.0,0.0,0.0,0.0,0%,0.0,0.0,0.0,0%,0.0,0.0,0.0,0%,2024
Spain,314.0,484.0,2935.0,1883.0,4916.0,64%,2926.0,1877.0,4906.0,64%,9.0,6.0,10.0,67%,2024
Sri Lanka,13.0,14.0,111.0,23.0,218.0,21%,101.0,20.0,198.0,20%,10.0,3.0,20.0,30%,2024
St. Lucia,0.0,0.0,0.0,0.0,0.0,0%,0.0,0.0,0.0,0%,0.0,0.0,0.0,0%,2024
Sudan,0.0,0.0,1.0,0.0,1.0,0%,1.0,0.0,1.0,0%,0.0,0.0,0.0,0%,2024
Suriname,0.0,0.0,0.0,0.0,0.0,0%,0.0,0.0,0.0,0%,0.0,0.0,0.0,0%,2024
Svalbard and Jan Mayen,0.0,0.0,0.0,0.0,0.0,0%,0.0,0.0,0.0,0%,0.0,0.0,0.0,0%,2024
Swaziland,0.0,0.0,1.0,0.0,1.0,0%,1.0,0.0,1.0,0%,0.0,0.0,0.0,0%,2024
Sweden,31.0,52.0,619.0,510.0,1005.0,82%,576.0,475.0,932.0,82%,43.0,35.0,73.0,81%,2024
Switzerland,97.0,113.0,707.0,510.0,972.0,72%,616.0,440.0,809.0,71%,91.0,70.0,163.0,77%,2024
Syria,0.0,0.0,0.0,0.0,0.0,0%,0.0,0.0,0.0,0%,0.0,0.0,0.0,0%,2024
Taiwan,47.0,64.0,3477.0,2898.0,4717.0,83%,3423.0,2865.0,4632.0,84%,54.0,33.0,85.0,61%,2024
Tajikistan,0.0,0.0,0.0,0.0,0.0,0%,0.0,0.0,0.0,0%,0.0,0.0,0.0,0%,2024
Tanzania,0.0,0.0,0.0,0.0,0.0,0%,0.0,0.0,0.0,0%,0.0,0.0,0.0,0%,2024
Thailand,66.0,78.0,449.0,249.0,530.0,55%,431.0,242.0,499.0,56%,18.0,7.0,31.0,39%,2024
The Bahamas,1.0,1.0,0.0,0.0,0.0,0%,0.0,0.0,0.0,0%,0.0,0.0,0.0,0%,2024
The Gambia,0.0,0.0,0.0,0.0,0.0,0%,0.0,0.0,0.0,0%,0.0,0.0,0.0,0%,2024
Timor-Leste,0.0,0.0,0.0,0.0,0.0,0%,0.0,0.0,0.0,0%,0.0,0.0,0.0,0%,2024
Togo,0.0,0.0,0.0,0.0,0.0,0%,0.0,0.0,0.0,0%,0.0,0.0,0.0,0%,2024
Tokelau,0.0,0.0,0.0,0.0,0.0,0%,0.0,0.0,0.0,0%,0.0,0.0,0.0,0%,2024
Tonga,8.0,8.0,0.0,0.0,0.0,0%,0.0,0.0,0.0,0%,0.0,0.0,0.0,0%,2024
Trinidad and Tobago,3.0,5.0,0.0,0.0,0.0,0%,0.0,0.0,0.0,0%,0.0,0.0,0.0,0%,2024
Tunisia,0.0,0.0,20.0,0.0,25.0,0%,16.0,0.0,19.0,0%,4.0,0.0,6.0,0%,2024
Turkey,29.0,34.0,4288.0,3316.0,4593.0,77%,4260.0,3301.0,4560.0,77%,28.0,15.0,33.0,54%,2024
Turkmenistan,0.0,0.0,0.0,0.0,0.0,0%,0.0,0.0,0.0,0%,0.0,0.0,0.0,0%,2024
Turks and Caicos Islands,0.0,0.0,0.0,0.0,0.0,0%,0.0,0.0,0.0,0%,0.0,0.0,0.0,0%,2024
Tuvalu,0.0,0.0,0.0,0.0,0.0,0%,0.0,0.0,0.0,0%,0.0,0.0,0.0,0%,2024
Uganda,0.0,0.0,0.0,0.0,0.0,0%,0.0,0.0,0.0,0%,0.0,0.0,0.0,0%,2024
Ukraine,1.0,1.0,25.0,9.0,37.0,36%,15.0,3.0,27.0,20%,10.0,6.0,10.0,60%,2024
United Arab Emirates,2.0,2.0,37.0,8.0,45.0,22%,22.0,0.0,29.0,0%,15.0,8.0,16.0,53%,2024
United Kingdom,367.0,498.0,9787.0,8599.0,12122.0,88%,9712.0,8537.0,12039.0,88%,75.0,62.0,83.0,83%,2024
United States,84883.0,143178.0,73956.0,64962.0,125053.0,88%,69761.0,61708.0,118935.0,88%,4195.0,3254.0,6118.0,78%,2024
United States Minor Outlying Islands,0.0,0.0,0.0,0.0,0.0,0%,0.0,0.0,0.0,0%,0.0,0.0,0.0,0%,2024
Uruguay,206.0,331.0,64.0,34.0,84.0,53%,31.0,18.0,44.0,58%,33.0,16.0,40.0,48%,2024
US Virgin Islands,0.0,0.0,0.0,0.0,0.0,0%,0.0,0.0,0.0,0%,0.0,0.0,0.0,0%,2024
Uzbekistan,0.0,0.0,0.0,0.0,0.0,0%,0.0,0.0,0.0,0%,0.0,0.0,0.0,0%,2024
Vanuatu,0.0,0.0,0.0,0.0,0.0,0%,0.0,0.0,0.0,0%,0.0,0.0,0.0,0%,2024
Vatican City,2.0,2.0,0.0,0.0,0.0,0%,0.0,0.0,0.0,0%,0.0,0.0,0.0,0%,2024
Venezuela,1.0,1.0,3.0,0.0,3.0,0%,1.0,0.0,1.0,0%,2.0,0.0,2.0,0%,2024
Vietnam,1.0,1.0,15.0,7.0,20.0,47%,7.0,0.0,9.0,0%,8.0,7.0,11.0,88%,2024
Wallis and Futuna,0.0,0.0,0.0,0.0,0.0,0%,0.0,0.0,0.0,0%,0.0,0.0,0.0,0%,2024
Western Sahara,0.0,0.0,0.0,0.0,0.0,0%,0.0,0.0,0.0,0%,0.0,0.0,0.0,0%,2024
Yemen,2.0,2.0,0.0,0.0,0.0,0%,0.0,0.0,0.0,0%,0.0,0.0,0.0,0%,2024
Zambia,5.0,5.0,0.0,0.0,0.0,0%,0.0,0.0,0.0,0%,0.0,0.0,0.0,0%,2024
Zimbabwe,0.0,0.0,0.0,0.0,0.0,0%,0.0,0.0,0.0,0%,0.0,0.0,0.0,0%,2024
